Date,Close,High,Low,Open,SMA,CCI
23/5/17,38.450001,38.724998,38.327499,38.724998,37.6609996,61.86683947
24/5/17,38.334999,38.5425,38.1675,38.459999,37.78174965,40.00016405
25/5/17,38.467499,38.587502,38.2575,38.432499,37.9077497,34.39887703
26/5/17,38.4025,38.560001,38.327499,38.5,38.0322498,23.00243051
30/5/17,38.4175,38.607498,38.3325,38.355,38.1208748,17.47670959
31/5/17,38.189999,38.5425,38.095001,38.4925,38.1864998,4.984566092
1/6/17,38.294998,38.3325,38.055,38.2925,38.26299975,0.758249516
2/6/17,38.862499,38.862499,38.2225,38.395,38.3744997,8.287354691
5/6/17,38.482498,38.612499,38.365002,38.584999,38.4366245,1.243652043
6/6/17,38.612499,38.952499,38.445,38.474998,38.4546245,3.825408082
7/6/17,38.842499,38.994999,38.619999,38.755001,38.4718744,6.497150358
8/6/17,38.747501,38.884998,38.599998,38.8125,38.4934995,4.709178255
9/6/17,37.244999,38.797501,36.505001,38.797501,38.4313745,22.18706165
12/6/17,36.355,36.522499,35.627499,36.435001,38.2978744,86.79108369
13/6/17,36.647499,36.862499,36.287498,36.790001,38.1839994,74.26684925
14/6/17,36.290001,36.875,35.959999,36.875,38.05512445,89.22163226
15/6/17,36.072498,36.119999,35.552502,35.830002,37.98062435,126.8778699
16/6/17,35.567501,36.125,35.549999,35.945,37.8522495,147.4986575
19/6/17,36.584999,36.685001,35.915001,35.915001,37.7682495,99.44316118
20/6/17,36.252499,36.717499,36.235001,36.717499,37.6559994,93.77093276
21/6/17,36.467499,36.517502,36.1525,36.380001,37.5568743,88.80875762
22/6/17,36.407501,36.674999,36.279999,36.442501,37.4604994,76.56048524
23/6/17,36.57,36.790001,36.2775,36.282501,37.36562445,61.95522076
26/6/17,36.455002,37.07,36.345001,36.7925,37.26824955,48.46163045
27/6/17,35.932499,36.540001,35.904999,36.252499,37.1439995,76.36190652
28/6/17,36.4575,36.5275,35.790001,36.122501,37.05737455,58.23594369
29/6/17,35.919998,36.282501,35.57,36.177502,36.93862455,73.65484588
30/6/17,36.005001,36.240002,35.945,36.112499,36.79574965,51.10121662
3/7/17,35.875,36.325001,35.775002,36.220001,36.66537475,44.46750568
5/7/17,36.022499,36.197498,35.68,35.922501,36.53587475,33.12958414
6/7/17,35.682499,35.875,35.602501,35.755001,36.37787475,30.69415324
7/7/17,36.044998,36.1875,35.724998,35.724998,36.2427496,7.315854512
10/7/17,36.264999,36.487499,35.842499,36.0275,36.1937496,0.117243879
11/7/17,36.3825,36.462502,36.095001,36.182499,36.1951246,2.09590404
12/7/17,36.435001,36.544998,36.205002,36.467499,36.1844997,3.616474688
13/7/17,36.942501,37.122501,36.360001,36.375,36.2171247,11.76625032
14/7/17,37.259998,37.3325,36.8325,36.9925,36.2764997,20.43810486
17/7/17,37.389999,37.724998,37.142502,37.205002,36.3676246,29.38147317
18/7/17,37.52,37.532501,37.1675,37.299999,36.41437465,31.78502617
19/7/17,37.755001,37.855,37.487499,37.619999,36.48949975,45.63427984
20/7/17,37.584999,37.935001,37.547501,37.875,36.54537475,47.60492298
21/7/17,37.567501,37.610001,37.220001,37.497501,36.60337475,38.24479094
24/7/17,38.022499,38.110001,37.474998,37.645,36.6759997,57.77537831
25/7/17,38.185001,38.459999,37.950001,37.950001,36.76249965,77.41033586
26/7/17,38.365002,38.482498,38.264999,38.337502,36.8841248,87.30030031
27/7/17,37.639999,38.497501,36.825001,38.4375,36.94324975,42.64993343
28/7/17,37.375,37.557499,37.297501,37.4725,37.01599985,23.56503459
31/7/17,37.182499,37.5825,37.032501,37.474998,37.07487475,11.75462208
1/8/17,37.512501,37.555,37.102501,37.275002,37.1567498,14.02839803
2/8/17,39.285,39.9375,39.040001,39.82,37.31987485,125.2316018
3/8/17,38.892502,39.302502,38.755001,39.262501,37.480375,89.49401326
4/8/17,39.0975,39.349998,38.922501,39.017502,37.6330001,88.92044874
7/8/17,39.702499,39.73,39.1675,39.264999,37.8048751,107.1399364
8/8/17,40.02,40.4575,39.567501,39.650002,37.9867501,133.5195426
9/8/17,40.264999,40.317501,39.7775,39.814999,38.17825,133.4428037
10/8/17,38.830002,40,38.657501,39.974998,38.27262505,58.99626842
11/8/17,39.369999,39.642502,39.017502,39.150002,38.3781251,63.05374012
14/8/17,39.962502,40.052502,39.6875,39.830002,38.50675025,94.04574946
15/8/17,40.400002,40.549999,40.035,40.165001,38.65075035,117.8635864
16/8/17,40.237499,40.627499,40.037498,40.485001,38.77487525,110.5562658
17/8/17,39.465,40.177502,39.459999,40.130001,38.8688753,59.00805726
18/8/17,39.375,39.875,39.18,39.465,38.95925025,34.20082631
21/8/17,39.302502,39.4725,38.7775,39.375,39.0232504,9.302848398
22/8/17,39.945,40,39.505001,39.557499,39.11125035,45.63911691
23/8/17,39.994999,40.1175,39.720001,39.767502,39.1927502,48.8331175
24/8/17,39.817501,40.185001,39.637501,40.107498,39.3016253,34.99709395
25/8/17,39.965,40.139999,39.817501,39.912498,39.4311253,29.14284735
28/8/17,40.3675,40.5,39.982498,40.035,39.59037535,30.53166544
29/8/17,40.727501,40.779999,40,40.025002,39.75112535,22.65367457
30/8/17,40.837502,40.9725,40.6525,40.950001,39.82875045,33.5897294
31/8/17,41,41.130001,40.869999,40.91,39.93412535,38.0178667
1/9/17,41.012501,41.235001,40.907501,41.200001,40.0298754,37.98292597
5/9/17,40.52,41.0625,40.139999,40.9375,40.07075045,18.58008923
6/9/17,40.477501,40.747501,40.130001,40.677502,40.0936255,13.42439163
7/9/17,40.314999,40.560001,40.09,40.522499,40.0961255,8.247626267
8/9/17,39.657501,40.287498,39.6325,40.215,40.13750045,9.57280677
11/9/17,40.375,40.512501,39.9725,40.125,40.1877505,3.355396065
12/9/17,40.215,40.990002,39.692501,40.6525,40.2003754,3.089670425
13/9/17,39.912498,39.990002,39.477501,39.967499,40.1760002,12.46634027
14/9/17,39.57,39.849998,39.522499,39.747501,40.14262525,16.57849509
15/9/17,39.970001,40.2425,39.5,39.6175,40.1678753,8.214274646
18/9/17,39.6675,40.125,39.5,40.0275,40.1825003,12.84519335
19/9/17,39.682499,39.942501,39.610001,39.877499,40.20150015,12.94407057
20/9/17,39.017502,39.564999,38.4575,39.474998,40.15512525,38.05933962
21/9/17,38.3475,38.950001,38.1875,38.950001,40.0727503,65.87259306
22/9/17,37.9725,38.067501,37.639999,37.884998,39.98050025,110.3530088
25/9/17,37.637501,37.9575,37.290001,37.497501,39.8641253,141.9182872
26/9/17,38.285,38.48,37.922501,37.945,39.7600003,103.613264
27/9/17,38.557499,38.68,38.384998,38.450001,39.6515002,77.41726854
28/9/17,38.32,38.57,38.174999,38.4725,39.5256251,81.88363783
29/9/17,38.529999,38.532501,38,38.302502,39.40212505,70.89311164
2/10/17,38.452499,38.612499,38.18,38.564999,39.27412495,54.78872909
3/10/17,38.619999,38.772499,38.477501,38.502499,39.1791249,33.86972589
4/10/17,38.369999,38.465,38.115002,38.407501,39.0737498,44.38465549
5/10/17,38.8475,38.860001,38.512501,38.544998,39.00037485,14.12741106
6/10/17,38.825001,38.872501,38.639999,38.7425,38.95874985,8.705882431
9/10/17,38.959999,39.182499,38.872501,38.952499,38.8879998,6.326697128
10/10/17,38.974998,39.5,38.775002,39.014999,38.8259997,11.84010562
11/10/17,39.137501,39.244999,38.9375,38.9925,38.78724985,13.60977468
12/10/17,39,39.342499,38.932499,39.087502,38.75874985,13.50145686
13/10/17,39.247501,39.32,39.102501,39.182499,38.72262485,18.40027519
16/10/17,39.970001,40,39.412498,39.474998,38.7377499,39.435641
17/10/17,40.1175,40.217499,39.807499,39.945,38.75949995,51.05328875
18/10/17,39.939999,40.177502,39.900002,40.105,38.8056248,52.65475106
19/10/17,38.994999,39.27,38.755001,39.1875,38.83799975,8.381139819
20/10/17,39.0625,39.4375,38.990002,39.1525,38.89249975,11.74820338
23/10/17,39.0425,39.422501,38.875,39.2225,38.9627497,5.874769988
24/10/17,39.275002,39.355,39.049999,39.072498,39.0122498,7.780531261
25/10/17,39.102501,39.387501,38.817501,39.227501,39.0394999,2.508344236
26/10/17,39.352501,39.4575,39.195,39.307499,39.09112495,8.284896499
27/10/17,40.762501,40.900002,39.674999,39.822498,39.20275005,45.48547911
30/10/17,41.68,42.017502,40.93,40.9725,39.3641251,106.7992527
31/10/17,42.259998,42.412498,41.735001,41.974998,39.54612505,164.0768336
1/11/17,41.7225,42.485001,41.4025,42.467499,39.7137501,149.8788645
2/11/17,42.0275,42.125,41.32,41.650002,39.8727501,146.4024818
3/11/17,43.125,43.564999,42.779999,43.5,40.08775005,268.6851673
6/11/17,43.5625,43.747501,42.93,43.092499,40.3178751,307.8811695
7/11/17,43.702499,43.8125,43.400002,43.477501,40.55425015,338.6298721
8/11/17,44.060001,44.060001,43.5825,43.665001,40.80037515,368.423503
9/11/17,43.970001,44.025002,43.285,43.7775,41.0488752,338.7611296
10/11/17,43.6675,43.845001,43.567501,43.7775,41.26987515,310.9277021
13/11/17,43.4925,43.625,43.349998,43.375,41.4460001,267.1394274
14/11/17,42.834999,43.369999,42.794998,43.259998,41.58187505,186.409602
15/11/17,42.27,42.580002,42.095001,42.4925,41.6983751,82.89797696
16/11/17,42.775002,42.967499,42.575001,42.794998,41.88737525,111.0655708
17/11/17,42.537498,42.8475,42.41,42.759998,42.06112515,65.41998394
20/11/17,42.494999,42.639999,42.389999,42.572498,42.2337501,33.14241304
21/11/17,43.285,43.424999,42.695,42.695,42.43425,69.77324479
22/11/17,43.740002,43.75,43.262501,43.34,42.66612505,76.83990033
24/11/17,43.7425,43.875,43.662498,43.775002,42.885625,57.12186597
27/11/17,43.522499,43.77,43.334999,43.762501,43.0236249,27.63413491
28/11/17,43.267502,43.717499,42.965,43.575001,43.103,10.82057826
29/11/17,42.369999,43.23,41.790001,43.157501,43.10850005,26.58098888
30/11/17,42.962502,43.035,42.110001,42.607498,43.17050015,16.48498673
1/12/17,42.762501,42.9175,42.125,42.487499,43.2072502,19.23974085
4/12/17,42.450001,43.154999,42.407501,43.119999,43.17350025,16.43966187
5/12/17,42.41,42.880001,42.099998,42.264999,43.11587525,22.72719301
6/12/17,42.252499,42.549999,41.615002,41.875,43.04337525,33.1092002
7/12/17,42.330002,42.610001,42.227501,42.2575,42.9568753,20.01652759
8/12/17,42.342499,42.75,42.205002,42.622501,42.8755002,15.34188787
11/12/17,43.1675,43.2225,42.197498,42.299999,42.8505002,0.802995072
12/12/17,42.924999,43.0975,42.865002,43.037498,42.82212515,4.593103676
13/12/17,43.067501,43.384998,43,43.125,42.83375025,10.17452179
14/12/17,43.055,43.282501,42.912498,43.099998,42.87300025,6.744774253
15/12/17,43.4925,43.5425,43.115002,43.407501,42.90887515,15.25450153
18/12/17,44.105,44.299999,43.715,43.720001,42.98725025,37.63418487
19/12/17,43.634998,43.8475,43.522499,43.7575,43.0442502,23.16770014
20/12/17,43.587502,43.855,43.3125,43.717499,43.0593753,19.92634242
21/12/17,43.752499,44.005001,43.525002,43.5425,43.06000015,26.53358502
22/12/17,43.752499,43.855,43.625,43.669998,43.0605001,25.89316768
26/12/17,42.642502,42.8675,42.419998,42.700001,43.01650025,13.24846156
27/12/17,42.650002,42.695,42.427502,42.525002,42.98562525,13.89929722
28/12/17,42.77,42.962502,42.619999,42.75,43.0056253,7.20314189
29/12/17,42.307499,42.647499,42.305,42.630001,42.97287515,20.30010257
2/1/18,43.064999,43.075001,42.314999,42.540001,42.98800005,5.907596845
3/1/18,43.057499,43.637501,42.990002,43.1325,43.01837495,8.053763306
4/1/18,43.2575,43.3675,43.02,43.134998,43.06074995,6.041580674
5/1/18,43.75,43.842499,43.262501,43.360001,43.135625,16.73592851
8/1/18,43.587502,43.9025,43.482498,43.587502,43.1985,15.37801333
9/1/18,43.5825,43.764999,43.352501,43.637501,43.26050005,10.01883776
10/1/18,43.572498,43.575001,43.25,43.290001,43.28074995,5.929066414
11/1/18,43.82,43.872501,43.622501,43.647499,43.3255,14.15919438
12/1/18,44.272499,44.34,43.912498,44.044998,43.3857499,26.95689395
16/1/18,44.047501,44.8475,44.035,44.474998,43.43537495,31.65554805
17/1/18,44.775002,44.8125,43.767502,44.037498,43.49950005,37.87117454
18/1/18,44.814999,45.025002,44.5625,44.842499,43.535,55.13831829
19/1/18,44.615002,44.895,44.352501,44.6525,43.5840002,48.61607271
22/1/18,44.25,44.445,44.150002,44.325001,43.6171251,32.30475997
23/1/18,44.259998,44.860001,44.205002,44.325001,43.64250005,39.55661313
24/1/18,43.555,44.325001,43.299999,44.3125,43.6326251,4.740312923
25/1/18,42.7775,43.737499,42.6325,43.627499,43.639375,28.32959921
26/1/18,42.877499,43,42.514999,43,43.65074985,39.8307908
29/1/18,41.990002,42.540001,41.767502,42.540001,43.61174995,76.59636851
30/1/18,41.7425,41.842499,41.174999,41.3825,43.5835,111.9614075
31/1/18,41.857498,42.110001,41.625,41.717499,43.52312495,101.5261345
1/2/18,41.945,42.154999,41.689999,41.7925,43.4675,100.4664358
2/2/18,40.125,41.700001,40.025002,41.5,43.310875,212.1203408
5/2/18,39.122501,40.970001,39,39.775002,43.07950005,326.5344942
6/2/18,40.7575,40.93,38.5,38.7075,42.93799995,304.2134842
7/2/18,39.884998,40.849998,39.767502,40.772499,42.75312485,294.9291876
8/2/18,38.787498,40.25,38.7575,40.072498,42.51387485,409.3638057
9/2/18,39.102501,39.4725,37.560001,39.267502,42.2779999,486.8848984
12/2/18,40.677502,40.9725,39.377499,39.625,42.09825005,241.5817683
13/2/18,41.084999,41.1875,40.412498,40.487499,41.95012495,140.9008706
14/2/18,41.842499,41.884998,40.720001,40.759998,41.8034998,42.50507783
15/2/18,43.247501,43.272499,42.25,42.447498,41.7251249,140.6407846
16/2/18,43.107498,43.705002,42.942501,43.09,41.6497497,177.3468191
20/2/18,42.962502,43.564999,42.855,43.012501,41.5853748,162.094609
21/2/18,42.767502,43.529999,42.752499,43.2075,41.51075,147.4613203
22/2/18,43.125,43.487499,42.927502,42.950001,41.48925,162.1443155
23/2/18,43.875,43.912498,43.384998,43.4175,41.544125,218.0677796
26/2/18,44.7425,44.8475,44.052502,44.087502,41.63737505,315.5396982
27/2/18,44.5975,45.119999,44.540001,44.775002,41.76774995,351.9590183
28/2/18,44.529999,45.154999,44.512501,44.814999,41.9071249,353.7150417
1/3/18,43.75,44.945,43.165001,44.634998,42.00175,249.7942425
2/3/18,44.052502,44.075001,43.112499,43.200001,42.1071251,215.5042482
5/3/18,44.205002,44.435001,43.630001,43.802502,42.3111252,239.5826797
6/3/18,44.1675,44.5625,44.032501,44.477501,42.56337515,225.1563177
7/3/18,43.7575,43.962502,43.567501,43.735001,42.71337515,132.7081421
8/3/18,44.235001,44.279999,43.767502,43.869999,42.9308753,143.5485341
9/3/18,44.994999,45,44.3475,44.490002,43.24125035,174.2102534
12/3/18,45.43,45.5975,45.052502,45.072498,43.5576253,162.4378827
13/3/18,44.9925,45.875,44.810001,45.647499,43.7733752,111.9716165
14/3/18,44.610001,45.130001,44.452499,45.080002,43.9496253,49.41308064
15/3/18,44.662498,45.060001,44.517502,44.625,44.09062525,32.28391674
16/3/18,44.505001,44.779999,44.404999,44.662498,44.15350025,17.83342931
19/3/18,43.825001,44.3675,43.415001,44.330002,44.1893754,15.38640347
20/3/18,43.810001,44.200001,43.735001,43.810001,44.23175035,14.07527881
21/3/18,42.817501,43.772499,42.814999,43.759998,44.2342503,45.98482549
22/3/18,42.212502,43.169998,42.150002,42.5,44.1886254,78.78764738
23/3/18,41.235001,42.48,41.235001,42.0975,44.05662545,147.3323166
26/3/18,43.192501,43.275002,41.610001,42.017502,43.9791255,83.94832372
27/3/18,42.084999,43.787498,41.73,43.419998,43.85350045,90.6135164
28/3/18,41.619999,42.505001,41.297501,41.8125,43.70800045,139.9187796
29/3/18,41.945,42.9375,41.724998,41.952499,43.61775045,110.926013
2/4/18,41.669998,42.235001,41.1175,41.66,43.49862525,153.6808303
3/4/18,42.0975,42.1875,41.220001,41.91,43.39325015,137.4794637
4/4/18,42.9025,43.002499,41.192501,41.220001,43.33000015,85.39413707
5/4/18,43.200001,43.557499,43.02,43.145,43.3021252,7.483119045
6/4/18,42.095001,43.119999,42.049999,42.7425,43.1951252,71.4432643
9/4/18,42.512501,43.272499,42.462502,42.470001,43.0710003,33.74824294
10/4/18,43.3125,43.5,42.8825,43.25,42.9651253,13.01322547
11/4/18,43.110001,43.48,42.924999,43.057499,42.87100035,14.38652892
12/4/18,43.535,43.75,43.259998,43.352501,42.8172503,37.64749477
13/4/18,43.682499,43.959999,43.462502,43.695,42.76825035,47.13276373
16/4/18,43.955002,44.047501,43.7075,43.7575,42.7407504,55.44211646
17/4/18,44.560001,44.735001,44.102501,44.122501,42.7775004,88.2247482
18/4/18,44.459999,44.705002,44.220001,44.452499,42.8100003,91.42309313
19/4/18,43.200001,43.8475,43.165001,43.439999,42.8291253,30.35359255
20/4/18,41.43,42.805,41.357498,42.650002,42.7900002,58.30983148
23/4/18,41.310001,41.73,41.022499,41.7075,42.7937502,90.00165233
24/4/18,40.735001,41.5825,40.305,41.4175,42.6708752,126.0888487
25/4/18,40.912498,41.355,40.602501,40.654999,42.61225015,123.7503593
26/4/18,41.055,41.432499,40.842499,41.029999,42.5840002,114.0491079
27/4/18,40.580002,41.0825,40.157501,41,42.5157503,156.8715814
30/4/18,41.314999,41.814999,40.459999,40.532501,42.49800035,109.2167351
1/5/18,42.275002,42.299999,41.317501,41.602501,42.50687545,46.39135807
2/5/18,44.142502,44.4375,43.450001,43.807499,42.56887555,118.9007427
3/5/18,44.2225,44.375,43.610001,43.970001,42.6200005,123.7080951
4/5/18,45.9575,46.0625,44.5425,44.5625,42.81312545,263.3920207
7/5/18,46.290001,46.9175,46.1875,46.294998,43.00200045,386.4679426
8/5/18,46.512501,46.555,45.9175,46.247501,43.1620005,387.8262451
9/5/18,46.84,46.849998,46.305,46.637501,43.34850045,443.7066373
10/5/18,47.509998,47.592499,46.912498,46.935001,43.54725035,557.0904408
11/5/18,47.147499,47.514999,46.862499,47.372501,43.72050035,542.6137783
14/5/18,47.037498,47.3825,46.965,47.252499,43.87462515,537.3706079
15/5/18,46.610001,46.767502,46.275002,46.695,43.97712515,437.9590613
16/5/18,47.044998,47.115002,46.5,46.517502,44.1063751,489.6017553
17/5/18,46.747501,47.227501,46.59,47,44.2837501,465.6518093
18/5/18,46.577499,46.952499,46.532501,46.797501,44.54112505,391.4505836
21/5/18,46.907501,47.317501,46.727501,47,44.82100005,386.5524854
22/5/18,46.790001,47.220001,46.695,47.095001,45.12375005,303.9267113
23/5/18,47.09,47.125,46.439999,46.587502,45.43262515,234.9350135
24/5/18,47.037498,47.209999,46.552502,47.192501,45.73175005,179.848836
25/5/18,47.145,47.412498,46.912498,47.057499,46.05999995,138.2773897
29/5/18,46.974998,47.1875,46.717499,46.900002,46.3429999,62.94357363
30/5/18,46.875,47,46.695,46.93,46.5729998,21.03990253
31/5/18,46.717499,47.057499,46.535,46.805,46.70174965,5.4866653
1/6/18,47.560001,47.564999,46.9375,46.997501,46.8686247,14.46853446
4/6/18,47.9575,48.355,47.837502,47.91,46.9686247,27.43322072
5/6/18,48.327499,48.485001,48.09,48.267502,47.0704996,38.98230941
6/6/18,48.494999,48.52,47.98,48.407501,47.1696245,40.98235765
7/6/18,48.365002,48.549999,48.084999,48.535,47.2458746,42.00871392
8/6/18,47.924999,48,47.442501,47.7925,47.26662465,21.08406352
11/6/18,47.807499,47.9925,47.552502,47.837502,47.29962465,20.11936524
12/6/18,48.07,48.1525,47.787498,47.8475,47.35124975,27.98798502
13/6/18,47.674999,48.220001,47.610001,48.105,47.40449965,17.94937114
14/6/18,47.700001,47.892502,47.555,47.887501,47.4372498,11.42527576
15/6/18,47.209999,47.540001,47.064999,47.5075,47.4603747,6.640671839
18/6/18,47.185001,47.305,46.799999,46.970001,47.4907498,13.59007707
19/6/18,46.422501,46.5825,45.862499,46.285,47.4664998,45.9589115
20/6/18,46.625,46.799999,46.432499,46.587502,47.45824975,32.9641405
21/6/18,46.365002,47.087502,46.235001,46.8125,47.42199985,35.67214088
22/6/18,46.23,46.537498,46.174999,46.529999,47.38162495,47.58030015
25/6/18,45.5425,46.23,45.182499,45.849998,47.30149995,85.12837393
26/6/18,46.107498,46.6325,45.634998,45.747501,47.25812495,61.46623592
27/6/18,46.040001,46.82,46.0075,46.307499,47.216375,52.46567746
28/6/18,46.375,46.552502,45.950001,46.025002,47.19925005,52.15591678
29/6/18,46.2775,46.797501,45.727501,46.572498,47.135125,51.86102917
2/7/18,46.794998,46.825001,45.855,45.955002,47.0769999,33.44271818
3/7/18,45.98,46.987499,45.884998,46.947498,46.95962495,38.07310048
5/7/18,46.349998,46.602501,46.07,46.314999,46.8523749,27.46254022
6/7/18,46.9925,47.107498,46.299999,46.355,46.7837498,0.41302821
9/7/18,47.645,47.669998,47.325001,47.375,46.76974985,35.06457978
10/7/18,47.587502,47.82,47.544998,47.677502,46.75875,39.55846916
11/7/18,46.970001,47.445,46.9025,47.125,46.70375005,15.55313564
12/7/18,47.7575,47.852501,47.327499,47.3825,46.7078751,37.11092296
13/7/18,47.8325,47.959999,47.724998,47.77,46.71450005,45.43896114
16/7/18,47.727501,48.162498,47.605,47.880001,46.74037515,46.72949125
17/7/18,47.862499,47.967499,47.299999,47.4375,46.77425005,42.04318956
18/7/18,47.599998,47.950001,47.482498,47.945,46.8331249,38.38850989
19/7/18,47.970001,48.137501,47.422501,47.422501,46.90037495,45.20564348
20/7/18,47.860001,48.107498,47.5425,47.945,46.9751249,43.10289705
23/7/18,47.9025,47.990002,47.389999,47.669998,47.0587499,35.78778665
24/7/18,48.25,48.415001,48.012501,48.112499,47.1941249,50.46430257
25/7/18,48.705002,48.712502,48.107498,48.264999,47.3240001,59.42691778
26/7/18,48.552502,48.990002,48.4025,48.6525,47.44962515,62.04685447
27/7/18,47.744999,48.797501,47.525002,48.747501,47.5181251,24.90713061
30/7/18,47.477501,48.049999,47.267502,47.974998,47.57812515,1.3087902
31/7/18,47.572498,48.035,47.334999,47.575001,47.61700015,0.859159958
1/8/18,50.375,50.439999,49.327499,49.782501,47.83675015,109.6927638
2/8/18,51.8475,52.095001,50.087502,50.145,48.11162525,220.5697538
3/8/18,51.997501,52.185001,51.369999,51.7575,48.3618753,299.9871793
6/8/18,52.267502,52.3125,51.767502,52,48.5930004,360.5704173
7/8/18,51.7775,52.375,51.689999,52.330002,48.8025003,356.3820535
8/8/18,51.8125,51.952499,51.130001,51.512501,49.04462525,307.9161414
9/8/18,52.220001,52.445,51.799999,52.3825,49.2677503,363.3253539
10/8/18,51.8825,52.275002,51.6675,51.84,49.4702503,322.7641732
13/8/18,52.217499,52.737499,51.924999,52.327499,49.6947502,350.5725734
14/8/18,52.4375,52.639999,52.064999,52.540001,49.92350025,337.1989806
15/8/18,52.560001,52.685001,52.0825,52.305,50.1715004,314.7401974
16/8/18,53.330002,53.452499,52.8675,52.9375,50.43950045,390.4244856
17/8/18,54.395,54.487499,53.290001,53.360001,50.7662504,477.7527436
20/8/18,53.865002,54.794998,53.7775,54.525002,51.0643755,448.323818
21/8/18,53.759998,54.297501,53.5075,54.200001,51.3398754,363.8404913
22/8/18,53.762501,54.09,53.459999,53.525002,51.59275035,309.0179675
23/8/18,53.872501,54.262501,53.650002,53.662498,51.8587503,286.6098703
24/8/18,54.040001,54.224998,53.7775,54.150002,52.1735004,238.2489143
27/8/18,54.485001,54.685001,54.0825,54.287498,52.5238754,211.8836434
28/8/18,54.924999,55.134998,54.73,54.752499,52.89150045,177.5172422
29/8/18,55.744999,55.872501,54.852501,55.037498,53.1600004,194.7370636
30/8/18,56.2575,57.064999,55.599998,55.8125,53.3805004,265.4036699
31/8/18,56.907501,57.217499,56.5,56.627499,53.6260004,329.9139476
4/9/18,57.09,57.294998,56.657501,57.102501,53.8671253,348.534749
5/9/18,56.717499,57.4175,56.275002,57.247501,54.11412525,310.1202466
6/9/18,55.775002,56.837502,55.325001,56.557499,54.31225035,185.4799722
7/9/18,55.325001,56.342499,55.177502,55.462502,54.46750035,121.8416349
10/9/18,54.5825,55.462502,54.1175,55.237499,54.60250035,10.70118597
11/9/18,55.962502,56.075001,54.139999,54.502499,54.7897505,57.91787034
12/9/18,55.267502,56.25,54.959999,56.235001,54.9312506,48.53385791
13/9/18,56.602501,57.087502,55.642502,55.880001,55.1333756,103.8832786
14/9/18,55.959999,56.709999,55.630001,56.4375,55.26487545,61.51737454
17/9/18,54.470001,55.737499,54.317501,55.537498,55.2686255,33.40218794
18/9/18,54.560001,55.462502,54.279999,54.447498,55.30337545,39.94639364
19/9/18,54.592499,54.904999,53.825001,54.625,55.3450005,62.65037073
20/9/18,55.0075,55.57,54.787498,55.060001,55.40725045,19.72931852
21/9/18,54.415001,55.34,54.322498,55.195,55.43437545,46.57673223
24/9/18,55.197498,55.314999,54.157501,54.205002,55.4922503,35.08847056
25/9/18,55.547501,55.705002,54.924999,54.9375,55.5453753,9.227640238
26/9/18,55.105,55.9375,54.939999,55.25,55.55437535,13.55137071
27/9/18,56.237499,56.610001,55.884998,55.955002,55.57900035,33.17394185
28/9/18,56.435001,56.459999,56.005001,56.197498,55.5878754,36.16131048
1/10/18,56.814999,57.355,56.587502,56.987499,55.5832503,69.42149245
2/10/18,57.32,57.5,56.657501,56.8125,55.5947503,83.30217341
3/10/18,58.017502,58.3675,57.445,57.512501,55.65975045,140.5817955
4/10/18,56.997501,58.087502,56.682499,57.695,55.7208754,99.9662097
5/10/18,56.072498,57.102501,55.145,56.990002,55.75825025,21.9421841
8/10/18,55.942501,56.200001,55.049999,55.552502,55.8262503,6.285858615
9/10/18,56.717499,56.817501,55.5625,55.91,55.86400015,31.64223907
10/10/18,54.09,56.587502,54.012501,56.365002,55.80512505,62.84016354
11/10/18,53.612499,54.875,53.080002,53.630001,55.65562495,133.4510679
12/10/18,55.5275,55.720001,54.209999,55.105,55.634,37.21770452
15/10/18,54.34,55.4575,54.317501,55.290001,55.62749995,69.27663568
16/10/18,55.537498,55.747501,54.189999,54.732498,55.6763748,37.44566307
17/10/18,55.297501,55.66,54.834999,55.575001,55.7116249,31.75605611
18/10/18,54.005001,54.935001,53.25,54.465,55.66149995,117.2144312
19/10/18,54.827499,55.314999,54.357498,54.514999,55.68212485,61.2441976
22/10/18,55.162498,55.84,54.735001,54.947498,55.68037485,32.31048859
23/10/18,55.682499,55.8125,53.674999,53.9575,55.68712475,44.99701227
24/10/18,53.772499,56.057499,53.634998,55.650002,55.6204997,85.35219555
25/10/18,54.950001,55.345001,54.1875,54.427502,55.5561248,55.11059414
26/10/18,54.075001,55.047501,53.1675,53.974998,55.4381248,104.3010631
29/10/18,53.060001,54.922501,51.522499,54.797501,55.2503749,168.6139841
30/10/18,53.325001,53.794998,52.317501,52.787498,55.05062495,154.6675738
31/10/18,54.715,55.112499,54.154999,54.220001,54.88549985,16.22167313
1/11/18,55.555,55.59,54.202499,54.762501,54.8133748,17.80309568
2/11/18,51.869999,53.412498,51.357498,52.387501,54.60324985,152.9487645
5/11/18,50.397499,51.0975,49.5425,51.075001,54.32599975,349.8706592
6/11/18,50.942501,51.18,50.422501,50.48,54.03724985,308.0716913
7/11/18,52.487499,52.514999,51.032501,51.4925,53.9571248,189.493659
8/11/18,52.122501,52.529999,51.6875,52.494999,53.8826249,176.7639027
9/11/18,51.1175,51.502499,50.5625,51.387501,53.6621249,278.5478906
12/11/18,48.5425,49.962502,48.447498,49.75,53.3722499,553.9255782
13/11/18,48.057499,49.294998,47.862499,47.907501,52.99824995,658.8666383
14/11/18,46.700001,48.619999,46.482498,48.474998,52.56837495,864.6166254
15/11/18,47.852501,47.9925,46.724998,47.0975,52.26074995,840.3291449
16/11/18,48.3825,48.7425,47.365002,47.625,51.9385,687.854885
19/11/18,46.465,47.674999,46.247501,47.5,51.5036251,895.4535418
20/11/18,44.244999,45.3675,43.877499,44.592499,50.9317501,1350.348054
21/11/18,44.195,45.067501,44.137501,44.932499,50.45287515,1334.953981
23/11/18,43.072498,44.150002,43.025002,43.735001,49.859,1523.503193
26/11/18,43.654999,43.737499,42.564999,43.560001,49.3379999,1479.657761
27/11/18,43.560001,43.692501,42.720001,42.877499,48.8629999,1403.74247
28/11/18,45.235001,45.322498,43.732498,44.182499,48.4584999,926.4607035
29/11/18,44.887501,45.700001,44.424999,45.665001,47.96712495,700.7508443
30/11/18,44.645,45.0825,44.2575,45.072498,47.42162495,591.965929
3/12/18,46.205002,46.235001,45.302502,46.115002,47.1383751,244.7301631
4/12/18,44.172501,45.5975,44.067501,45.237499,46.8271252,439.3717113
6/12/18,43.68,43.695,42.605,42.939999,46.46400015,605.4428922
7/12/18,42.122501,43.622501,42.075001,43.372501,45.94575025,610.4846446
10/12/18,42.400002,42.522499,40.8325,41.25,45.4596253,579.3872677
11/12/18,42.157501,42.947498,41.75,42.915001,45.01162535,397.0834356
12/12/18,42.275002,42.98,42.255001,42.599998,44.69825045,298.89654
13/12/18,42.737499,43.142502,42.387501,42.622501,44.43225045,210.1988299
14/12/18,41.369999,42.27,41.32,42.25,44.16575035,307.8903797
17/12/18,40.985001,42.087502,40.682499,41.362499,43.82237535,306.8561456
18/12/18,41.517502,41.8825,41.0975,41.345001,43.47912545,205.7594931
19/12/18,40.2225,41.862499,39.772499,41.5,43.16700045,251.0122831
20/12/18,39.2075,40.5275,38.825001,40.099998,42.9151255,375.6188839
21/12/18,37.682499,39.540001,37.407501,39.215,42.58950045,565.6026859
24/12/18,36.7075,37.887501,36.647499,37.037498,42.27125055,795.0462339
26/12/18,39.2925,39.307499,36.68,37.075001,42.0531256,590.9095152
27/12/18,39.037498,39.192501,37.517502,38.959999,41.82700045,550.3027911
28/12/18,39.057499,39.630001,38.637501,39.375,41.51812535,410.2778685
31/12/18,39.435001,39.84,39.119999,39.6325,41.24550035,293.3631809
2/1/19,39.48,39.712502,38.557499,38.7225,40.98725035,273.1031202
3/1/19,35.547501,36.43,35.5,35.994999,40.4543753,714.4798239
4/1/19,37.064999,37.137501,35.950001,36.1325,40.0990002,504.7123772
7/1/19,36.982498,37.2075,36.474998,37.174999,39.7641251,427.7122666
8/1/19,37.6875,37.955002,37.130001,37.389999,39.54237505,281.4525581
9/1/19,38.327499,38.6325,37.407501,37.822498,39.3387499,173.8453401
10/1/19,38.450001,38.4925,37.715,38.125,39.1533749,125.46017
11/1/19,38.072498,38.424999,37.877499,38.220001,38.9432497,100.6152942
14/1/19,37.5,37.817501,37.305,37.712502,38.68137475,124.1738497
15/1/19,38.267502,38.3475,37.512501,37.567501,38.5262499,45.39769734
16/1/19,38.735001,38.970001,38.25,38.27,38.4137499,24.53611083
17/1/19,38.965,39.415001,38.314999,38.549999,38.2861248,48.62167632
18/1/19,39.205002,39.470001,38.994999,39.375,38.2352499,69.63679812
22/1/19,38.325001,39.182499,38.154999,39.102501,38.19112495,27.09338524
23/1/19,38.48,38.785,37.924999,38.537498,38.231,16.56348791
24/1/19,38.174999,38.619999,37.935001,38.5275,38.30437495,3.043560261
25/1/19,39.439999,39.532501,38.580002,38.869999,38.3117499,59.94295066
28/1/19,39.075001,39.0825,38.415001,38.947498,38.31362505,38.82382484
29/1/19,38.669998,39.532501,38.5275,39.0625,38.29425,42.4004882
30/1/19,41.3125,41.537498,40.057499,40.8125,38.38812495,193.8754607
31/1/19,41.610001,42.25,41.139999,41.5275,38.494625,283.4860155
1/2/19,41.630001,42.244999,41.482498,41.740002,38.79875,278.5645362
4/2/19,42.8125,42.915001,41.82,41.852501,39.08612505,355.2071214
5/2/19,43.544998,43.77,43.087502,43.215,39.41425005,476.4834158
6/2/19,43.560001,43.892502,43.212502,43.662498,39.7078751,500.250686
7/2/19,42.735001,43.485001,42.584999,43.099998,39.9282502,410.0185882
8/2/19,42.602501,42.665001,42.105,42.247501,40.1358752,323.2214804
11/2/19,42.357498,42.802502,42.3125,42.762501,40.3501252,299.4853203
12/2/19,42.7225,42.75,42.424999,42.525002,40.6112502,277.4783754
13/2/19,42.544998,43.119999,42.48,42.8475,40.825125,252.2787605
14/2/19,42.700001,42.814999,42.345001,42.427502,41.023375,210.4382533
15/2/19,42.605,42.924999,42.4375,42.8125,41.205375,187.4433322
19/2/19,42.732498,42.860001,42.372501,42.427502,41.3817498,162.6049655
20/2/19,43.0075,43.330002,42.747501,42.797501,41.61587475,173.0524694
21/2/19,42.764999,43.092499,42.575001,42.950001,41.8301247,110.6007856
22/2/19,43.2425,43.25,42.845001,42.895,42.08349975,102.38368
25/2/19,43.557499,43.967499,43.487499,43.540001,42.28937475,122.9295808
26/2/19,43.5825,43.825001,43.2925,43.427502,42.5147497,75.83073128
27/2/19,43.717499,43.75,43.182499,43.302502,42.76712475,37.22173374
28/2/19,43.287498,43.727501,43.23,43.580002,42.86587465,20.76551352
1/3/19,43.7425,43.787498,43.2225,43.57,42.9724996,21.29914241
4/3/19,43.962502,44.4375,43.4925,43.922501,43.08912465,28.63206101
5/3/19,43.8825,44,43.634998,43.985001,43.14262465,23.00902106
6/3/19,43.630001,43.872501,43.485001,43.6675,43.1468748,17.20891617
7/3/19,43.125,43.610001,43.005001,43.467499,43.12512475,3.800134322
8/3/19,43.227501,43.267502,42.375,42.580002,43.14974975,5.727179602
11/3/19,44.724998,44.779999,43.837502,43.872501,43.2558746,44.23823636
12/3/19,45.227501,45.6675,44.842499,45,43.39937475,85.08872238
13/3/19,45.427502,45.825001,45.23,45.5625,43.53462485,106.5406183
14/3/19,45.932499,46.025002,45.639999,45.974998,43.7039999,137.5140705
15/3/19,46.529999,46.8325,45.935001,46.212502,43.8954998,186.8832128
18/3/19,47.005001,47.0975,46.447498,46.450001,44.11549985,229.6605581
19/3/19,46.6325,47.247501,46.48,47.087502,44.31049995,222.8657332
20/3/19,47.040001,47.372501,46.182499,46.557499,44.512125,226.2732413
21/3/19,48.772499,49.0825,47.452499,47.505001,44.8125,396.7295355
22/3/19,47.762501,49.422501,47.695,48.834999,45.03850005,382.7736833
25/3/19,47.185001,47.994999,46.650002,47.877499,45.21987515,248.8916729
26/3/19,46.697498,48.220001,46.145,47.915001,45.37562505,198.0105569
27/3/19,47.1175,47.439999,46.637501,47.1875,45.5456251,180.8066639
28/3/19,47.18,47.389999,46.8825,47.237499,45.7402502,165.152598
29/3/19,47.487499,47.52,47.134998,47.4575,45.92750015,165.971332
1/4/19,47.810001,47.919998,47.095001,47.91,46.1198751,168.5845765
2/4/19,48.505001,48.615002,47.762501,47.772499,46.35100015,217.5959431
3/4/19,48.837502,49.125,48.287498,48.3125,46.6113752,234.0803452
4/4/19,48.922501,49.092499,48.285,48.697498,46.90125025,189.2752899
5/4/19,49.25,49.275002,48.982498,49.112499,47.2023752,168.2005143
8/4/19,50.025002,50.057499,49.084999,49.105,47.4673754,185.3022822
9/4/19,49.875,50.712502,49.807499,50.080002,47.69975035,203.5228553
10/4/19,50.154999,50.185001,49.544998,49.669998,47.9361252,169.6649065
11/4/19,49.737499,50.25,49.610001,50.212502,48.1263752,142.8547143
12/4/19,49.717499,50.035,49.052502,49.799999,48.2857502,106.9027276
15/4/19,49.807499,49.962502,49.502499,49.645,48.4258751,107.5095919
16/4/19,49.8125,50.342499,49.639999,49.865002,48.5848751,107.3601916
17/4/19,50.782501,50.845001,49.6525,49.884998,48.7720001,132.1083512
18/4/19,50.965,51.037498,50.630001,50.779999,48.88162515,170.0746722
22/4/19,51.1325,51.235001,50.584999,50.7075,49.0501251,178.16683
23/4/19,51.869999,51.9375,50.974998,51.107498,49.284375,222.3502029
24/4/19,51.790001,52.119999,51.762501,51.84,49.53900015,231.1849051
25/4/19,51.32,51.939999,51.279999,51.7075,49.74912515,168.906039
26/4/19,51.075001,51.25,50.529999,51.224998,49.9438752,92.1952305
29/4/19,51.1525,51.4925,50.965,51.099998,50.12712525,88.83936511
30/4/19,50.1675,50.849998,49.7775,50.764999,50.2450002,5.484003372
1/5/19,52.630001,53.827499,52.307499,52.470001,50.4512502,179.7208642
2/5/19,52.287498,53.162498,52.032501,52.459999,50.62375,138.2742095
3/5/19,52.9375,52.959999,52.557499,52.7225,50.82449995,149.4816051
6/5/19,52.119999,52.209999,50.875,51.072498,50.9679999,56.79696323
7/5/19,50.715,51.855,50.2075,51.470001,51.0024998,4.551095821
8/5/19,50.724998,51.334999,50.4375,50.474998,51.0449997,13.05387567
9/5/19,50.18,50.419998,49.165001,50.099998,51.04624975,74.02195888
10/5/19,49.294998,49.712502,48.192501,49.355,51.0241247,136.6596843
13/5/19,46.43,47.369999,45.712502,46.927502,50.85974975,415.2012348
14/5/19,47.165001,47.424999,46.352501,46.602501,50.72762485,411.86249
15/5/19,47.73,47.9375,46.505001,46.567501,50.62349985,384.248347
16/5/19,47.52,48.1175,47.209999,47.477501,50.4603748,361.7744867
17/5/19,47.25,47.724998,46.689999,46.732498,50.2746248,413.9338552
20/5/19,45.772499,46.087502,45.07,45.880001,50.00662475,660.7179204
21/5/19,46.650002,47,46.174999,46.305,49.7456249,492.997294
22/5/19,45.695,46.427502,45.637501,46.165001,49.44087485,575.0394171
23/5/19,44.915001,45.134998,44.452499,44.950001,49.1206249,741.0885154
24/5/19,44.7425,45.535,44.654999,45.049999,48.80399985,693.5137678
28/5/19,44.557499,45.147499,44.477501,44.73,48.4742498,700.5985821
29/5/19,44.345001,44.837502,44,44.105,48.18312485,735.1106094
30/5/19,44.575001,44.807499,44.1675,44.487499,47.78037485,604.461719
31/5/19,43.767502,44.497501,43.747501,44.057499,47.35437505,595.3854047
3/6/19,43.325001,44.48,42.567501,43.900002,46.8737501,564.4328794
4/6/19,44.91,44.9575,43.630001,43.860001,46.51325015,301.1167986
5/6/19,45.634998,46.247501,45.285,46.07,46.25925005,69.39948294
6/6/19,46.305,46.3675,45.537498,45.77,46.03825015,7.445093522
7/6/19,47.537498,47.98,46.442501,46.627499,45.90612505,140.1941952
10/6/19,48.145,48.842499,47.904999,47.952499,45.84862515,225.385202
11/6/19,48.702499,49,48.400002,48.715,45.9622501,277.477656
12/6/19,48.547501,48.9925,48.3475,48.487499,46.0313751,279.4941507
13/6/19,48.537498,49.197498,48.400002,48.674999,46.07175,295.871658
14/6/19,48.185001,48.397499,47.575001,47.887501,46.10500005,221.9190845
17/6/19,48.4725,48.740002,48.0425,48.224998,46.16612505,265.9956019
18/6/19,49.612499,50.072498,48.802502,49.012501,46.35812505,400.5963204
19/6/19,49.467499,49.970001,49.327499,49.919998,46.4989999,420.1332306
20/6/19,49.865002,50.1525,49.5075,50.092499,46.7075,453.7496985
21/6/19,49.695,50.212502,49.537498,49.700001,46.94649995,424.7820067
24/6/19,49.645,50.040001,49.5425,49.634998,47.19162495,383.7854139
25/6/19,48.892502,49.814999,48.822498,49.607498,47.4083751,260.4005192
26/6/19,49.950001,50.247501,49.337502,49.442501,47.6886251,310.9436189
27/6/19,49.935001,50.392502,49.892502,50.072498,47.9566251,293.4314578
28/6/19,49.48,49.875,49.262501,49.669998,48.24225,163.34507
1/7/19,50.387501,51.122501,50.162498,50.7925,48.595375,207.8839775
2/7/19,50.682499,50.782501,50.34,50.352501,48.88399995,150.2497825
3/7/19,51.102501,51.110001,50.672501,50.82,49.1573751,140.6434155
5/7/19,51.057499,51.27,50.724998,50.837502,49.39500005,106.433623
8/7/19,50.005001,50.349998,49.602501,50.202499,49.5183752,25.24793446
9/7/19,50.310001,50.377499,49.702499,49.799999,49.62662525,26.90026611
10/7/19,50.807499,50.932499,50.389999,50.462502,49.73187525,53.54431415
11/7/19,50.4375,51.0975,50.427502,50.827499,49.8263752,43.75820605
12/7/19,50.825001,51,50.549999,50.612499,49.94075035,44.45171825
15/7/19,51.302502,51.467499,51,51.022499,50.0966254,54.09404807
16/7/19,51.125,51.5275,50.875,51.147499,50.2292504,38.62722494
17/7/19,50.837502,51.272499,50.817501,51.012501,50.29050055,26.95152763
18/7/19,51.415001,51.470001,50.924999,51,50.38787565,36.14423574
19/7/19,50.647499,51.625,50.59,51.447498,50.4270005,20.49276584
22/7/19,51.805,51.807499,50.9025,50.912498,50.5325005,41.2952461
23/7/19,52.209999,52.227501,51.822498,52.115002,50.66075045,66.67669269
24/7/19,52.1675,52.287498,51.7925,51.9175,50.82450035,57.67335527
25/7/19,51.755001,52.310001,51.682499,52.2225,50.91475035,45.65277238
26/7/19,51.935001,52.432499,51.785,51.869999,51.01475035,48.34587198
29/7/19,52.419998,52.66,52.110001,52.115002,51.16175025,55.69774425
30/7/19,52.195,52.540001,51.827499,52.189999,51.2521252,44.08575932
31/7/19,53.259998,55.342499,52.825001,54.105,51.38100015,142.3554749
1/8/19,52.107498,54.5075,51.685001,53.474998,51.43125,79.32060746
2/8/19,51.005001,51.607498,50.407501,51.3825,51.4286251,29.67481746
5/8/19,48.334999,49.662498,48.145,49.497501,51.345125,193.206432
6/8/19,49.25,49.517502,48.509998,49.077499,51.29212495,175.7946432
7/8/19,49.759998,49.889999,48.455002,48.852501,51.2397499,159.2069705
8/8/19,50.857498,50.8825,49.8475,50.049999,51.2607498,63.36071125
9/8/19,50.247501,50.689999,49.822498,50.325001,51.2318748,85.07834168
12/8/19,50.119999,50.512501,49.787498,49.904999,51.17274965,91.69490821
13/8/19,52.2425,53.035,50.119999,50.255001,51.22862465,47.53679883
14/8/19,50.6875,51.610001,50.647499,50.790001,51.22112455,22.63917318
15/8/19,50.435001,51.285,49.9175,50.865002,51.17212455,57.34736032
16/8/19,51.625,51.790001,50.959999,51.07,51.2209996,19.34275217
19/8/19,52.587502,53.182499,52.5075,52.654999,51.2601247,130.5647873
20/8/19,52.59,53.337502,52.580002,52.720001,51.27912475,137.3987746
21/8/19,53.16,53.412498,52.900002,53.247501,51.32874975,167.9256877
22/8/19,53.115002,53.610001,52.6875,53.297501,51.3967498,165.7627961
23/8/19,50.66,53.012501,50.25,52.357498,51.33299975,10.24847556
26/8/19,51.622501,51.797501,51.264999,51.465,51.2931249,18.45462299
27/8/19,51.040001,52.137501,50.8825,51.965,51.23537495,2.341339503
28/8/19,51.3825,51.43,50.830002,51.025002,51.14150005,1.315539171
29/8/19,52.252499,52.330002,51.665001,52.125,51.1487501,78.13403372
30/8/19,52.185001,52.612499,51.799999,52.540001,51.2077501,84.2843228
3/9/19,51.424999,51.744999,51.055,51.607498,51.3622501,3.77885804
4/9/19,52.297501,52.369999,51.830002,52.0975,51.51462515,45.0807736
5/9/19,53.32,53.4925,52.877499,53,51.69262525,98.84464051
6/9/19,53.314999,53.605,53.127499,53.512501,51.8155003,99.88281158
9/9/19,53.5425,54.110001,52.767502,53.709999,51.98025025,96.36278192
10/9/19,54.174999,54.195,52.927502,53.465,52.18300025,100.6692368
11/9/19,55.897499,55.927502,54.432499,54.517502,52.3657502,242.5490266
12/9/19,55.772499,56.605,55.715,56.200001,52.62000015,318.1394187
13/9/19,54.6875,55.197498,54.255001,55,52.8326251,173.7771218
16/9/19,54.974998,55.032501,54.389999,54.432499,53.000125,169.5118736
17/9/19,55.174999,55.205002,54.779999,54.990002,53.12949985,191.8194544
18/9/19,55.692501,55.712502,54.860001,55.264999,53.2846249,227.7823386
19/9/19,55.240002,55.939999,55.092499,55.502499,53.388625,226.3705514
20/9/19,54.432499,55.639999,54.3675,55.345001,53.45449985,153.1776372
23/9/19,54.68,54.959999,54.412498,54.737499,53.65549985,115.8622468
24/9/19,54.419998,55.622501,54.297501,55.2575,53.7953747,105.131248
25/9/19,55.2575,55.375,54.285,54.637501,54.00624965,100.3655239
26/9/19,54.9725,55.235001,54.7075,55,54.18574965,74.40397412
27/9/19,54.705002,55.240002,54.32,55.134998,54.3083748,40.39580749
30/9/19,55.9925,56.145,55.197498,55.224998,54.49874975,105.8730258
1/10/19,56.147499,57.055,56.049999,56.267502,54.73487475,118.976401
2/10/19,54.740002,55.895,54.482498,55.764999,54.8569998,11.06009867
3/10/19,55.205002,55.240002,53.782501,54.607498,54.9512499,9.055474959
4/10/19,56.752499,56.872501,55.9725,56.41,55.1231249,72.78476518
7/10/19,56.764999,57.482498,56.459999,56.567501,55.28424985,83.33056355
8/10/19,56.099998,57.014999,56.0825,56.455002,55.3804998,48.29925849
9/10/19,56.7575,56.947498,56.41,56.7575,55.42349985,64.72663223
10/10/19,57.522499,57.610001,56.825001,56.982498,55.51099985,104.9130237
11/10/19,59.052502,59.41,58.077499,58.237499,55.72924995,234.5754129
14/10/19,58.967499,59.532501,58.6675,58.724998,55.928875,276.3205833
15/10/19,58.830002,59.412498,58.720001,59.0975,56.11162515,280.8503366
16/10/19,58.592499,58.810001,58.299999,58.342499,56.25662505,237.2681991
17/10/19,58.82,59.037498,58.380001,58.772499,56.43562495,250.5451543
18/10/19,59.102501,59.395,58.572498,58.647499,56.66912505,265.4668132
21/10/19,60.127499,60.247501,59.330002,59.380001,56.9415,350.7036964
22/10/19,59.990002,60.549999,59.904999,60.290001,57.2200002,360.7819795
23/10/19,60.794998,60.810001,60.305,60.525002,57.4968751,401.7045447
24/10/19,60.895,61.200001,60.452499,61.127499,57.7930001,400.9162909
25/10/19,61.645,61.682499,60.720001,60.790001,58.14,427.6566177
28/10/19,62.262501,62.3125,61.68,61.855,58.45350005,510.0699207
29/10/19,60.822498,62.4375,60.642502,62.2425,58.68725,374.2243649
30/10/19,60.814999,61.325001,60.302502,61.189999,58.99099985,248.3861559
31/10/19,62.189999,62.2925,59.314999,61.810001,59.3402497,238.4493631
1/11/19,63.955002,63.982498,62.290001,62.384998,59.70037485,479.7811147
4/11/19,64.375,64.462502,63.845001,64.332497,60.0808749,579.3578432
5/11/19,64.282501,64.547501,64.080002,64.262497,60.49000005,544.83718
6/11/19,64.309998,64.372498,63.842499,64.192497,60.86762495,469.8283373
7/11/19,64.857498,65.087502,64.527496,64.684998,61.2343749,513.6863824
8/11/19,65.035004,65.110001,64.212502,64.672501,61.5335,485.0031957
11/11/19,65.550003,65.6175,64.57,64.574997,61.8626252,526.5430343
12/11/19,65.489998,65.697502,65.230003,65.387497,62.195625,523.3942447
13/11/19,66.1175,66.195,65.267502,65.282501,62.57187505,525.9370925
14/11/19,65.660004,66.220001,65.525002,65.9375,62.91387525,452.3556626
15/11/19,66.440002,66.445,65.752502,65.919998,63.2807503,448.2431566
18/11/19,66.775002,66.857498,66.057503,66.449997,63.61312545,448.5853448
19/11/19,66.572502,67,66.347504,66.974998,63.94225045,405.6062745
20/11/19,65.797501,66.519997,65.099998,66.385002,64.1923756,239.392254
21/11/19,65.502502,66.002502,65.294998,65.922501,64.4227507,168.5536154
22/11/19,65.445,65.794998,65.209999,65.647499,64.6127507,119.5563553
25/11/19,66.592499,66.610001,65.629997,65.677498,64.8292506,184.7713267
26/11/19,66.072502,66.790001,65.625,66.735001,65.0917508,129.2182691
27/11/19,66.959999,66.995003,66.327499,66.394997,65.3990008,132.7199824
29/11/19,66.8125,67,66.474998,66.650002,65.63012585,80.01929675
2/12/19,66.040001,67.0625,65.862503,66.817497,65.7343758,36.89164276
3/12/19,64.862503,64.8825,64.072502,64.577499,65.75875095,58.28685973
4/12/19,65.434998,65.827499,65.169998,65.267502,65.8163758,13.15542373
5/12/19,66.394997,66.472504,65.682503,65.947502,65.92062575,14.86139842
6/12/19,67.677498,67.75,66.824997,66.870003,66.06162575,67.15882129
9/12/19,66.730003,67.699997,66.227501,67.5,66.1463757,35.92931317
10/12/19,67.120003,67.517502,66.464996,67.150002,66.2248757,38.6956504
11/12/19,67.692497,67.775002,67.125,67.202499,66.33500065,59.99519322
12/12/19,67.864998,68.139999,66.830002,66.945,66.42237555,64.08110333
13/12/19,68.787498,68.824997,67.732498,67.864998,66.57875025,115.5251065
16/12/19,69.964996,70.197502,69.245003,69.25,66.75499995,240.2292838
17/12/19,70.102501,70.442497,69.699997,69.892502,66.9213749,297.6253461
18/12/19,69.934998,70.474998,69.779999,69.949997,67.0894997,315.682284
19/12/19,70.004997,70.294998,69.737503,69.875,67.2998745,308.7864513
20/12/19,69.860001,70.662498,69.639999,70.557503,67.51774945,300.4753075
23/12/19,71,71.0625,70.092499,70.1325,67.79549945,363.1467469
24/12/19,71.067497,71.222504,70.730003,71.172501,68.01924935,391.5441688
26/12/19,72.477501,72.495003,71.175003,71.205002,68.3394993,527.1088096
27/12/19,72.449997,73.4925,72.029999,72.779999,68.6139992,622.3679648
30/12/19,72.879997,73.172501,71.305,72.364998,68.91737405,577.4177724
31/12/19,73.412498,73.419998,72.379997,72.482498,69.2859989,648.9527173
2/1/20,75.087502,75.150002,73.797501,74.059998,69.79724885,848.4197083
3/1/20,74.357498,75.144997,74.125,74.287498,70.24337385,755.5065791
6/1/20,74.949997,74.989998,73.1875,73.447502,70.67112385,655.4207833
7/1/20,74.597504,75.224998,74.370003,74.959999,71.01712415,667.6090981
8/1/20,75.797501,76.110001,74.290001,74.290001,71.47049905,711.6286629
9/1/20,77.407501,77.607498,76.550003,76.809998,71.98487395,973.7429267
10/1/20,77.582497,78.167503,77.0625,77.650002,72.47937395,990.9238024
13/1/20,79.239998,79.267502,77.787498,77.910004,73.04812395,1150.760752
14/1/20,78.169998,79.392502,78.042503,79.175003,73.51724895,1028.795473
15/1/20,77.834999,78.875,77.387497,77.962502,73.9107491,859.0851266
16/1/20,78.809998,78.925003,78.022499,78.397499,74.34612395,898.6726832
17/1/20,79.682503,79.684998,78.75,79.067497,74.8334992,977.6103911
21/1/20,79.142502,79.754997,79,79.297501,75.29037445,853.6944211
22/1/20,79.425003,79.997498,79.327499,79.644997,75.76862455,789.0967765
23/1/20,79.807503,79.889999,78.912498,79.480003,76.2089997,665.2641141
24/1/20,79.577499,80.832497,79.379997,80.0625,76.6344998,623.6724008
27/1/20,77.237503,77.942497,76.220001,77.514999,76.8724999,60.77352665
28/1/20,79.422501,79.599998,78.047501,78.150002,77.2211251,307.1920974
29/1/20,81.084999,81.962502,80.345001,81.112503,77.6313752,549.0671036
30/1/20,80.967499,81.022499,79.6875,80.135002,78.00912525,376.5073723
31/1/20,77.377502,80.669998,77.072502,80.232498,78.12362525,38.15500193
3/2/20,77.165001,78.372498,75.555,76.074997,78.2640004,143.230982
4/2/20,79.712502,79.910004,78.407501,78.827499,78.50212565,94.30634253
5/2/20,80.362503,81.190002,79.737503,80.879997,78.7903756,156.6747331
6/2/20,81.302498,81.305,80.065002,80.642502,79.06562545,153.7428016
7/2/20,80.0075,80.849998,79.5,80.592499,79.1956254,74.82347119
10/2/20,80.387497,80.387497,78.462502,78.544998,79.3358754,35.50738692
11/2/20,79.902496,80.974998,79.677498,80.900002,79.3690003,63.66619594
12/2/20,81.800003,81.805,80.3675,80.3675,79.55050055,147.1810317
13/2/20,81.217499,81.555,80.837502,81.047501,79.71962555,125.6941854
14/2/20,81.237503,81.495003,80.712502,81.184998,79.8410008,112.6358461
18/2/20,79.75,79.9375,78.652496,78.839996,79.84437565,26.51129508
19/2/20,80.904999,81.142502,80,80,79.9325005,69.22158233
20/2/20,80.074997,81.162498,79.552498,80.657501,79.9650002,31.99302622
21/2/20,78.262497,80.112503,77.625,79.654999,79.8877499,98.10465407
24/2/20,74.544998,76.044998,72.307503,74.315002,79.63612485,618.6074265
25/2/20,72.019997,75.6325,71.532501,75.237503,79.37524955,935.7082978
26/2/20,73.162498,74.470001,71.625,71.6325,79.0622494,1048.295426
27/2/20,68.379997,71.5,68.239998,70.275002,78.4269993,2035.65432
28/2/20,68.339996,69.602501,64.092499,64.315002,77.79562415,2882.61027
2/3/20,74.702499,75.360001,69.43,70.57,77.661874,1242.751447
3/3/20,72.330002,76,71.449997,75.917503,77.42012405,1190.880643
4/3/20,75.684998,75.849998,73.282501,74.110001,77.21874885,638.8810098
5/3/20,73.230003,74.887497,72.852501,73.879997,76.86212385,912.5207772
6/3/20,72.2575,72.705002,70.307503,70.5,76.40987395,1340.521421
9/3/20,66.542503,69.522499,65.75,65.9375,75.7366241,2658.336052
10/3/20,71.334999,71.610001,67.342499,69.285004,75.2839992,1633.992992
11/3/20,68.857498,70.305,67.964996,69.347504,74.7317493,1807.044194
12/3/20,62.057499,67.5,62,63.985001,73.7446241,3396.053215
13/3/20,69.4925,69.980003,63.237499,66.222504,73.15837415,1841.825509
16/3/20,60.552502,64.769997,60,60.487499,72.1241241,3608.678446
17/3/20,63.215,64.402496,59.599998,61.877499,71.2973741,3169.664256
18/3/20,61.6675,62.5,59.279999,59.942501,70.33549915,3254.9289
19/3/20,61.195,63.209999,60.6525,61.8475,69.3914993,2624.729588
20/3/20,57.310001,62.9575,57,61.794998,68.3438745,3177.806482
23/3/20,56.092499,57.125,53.1525,57.02,67.42124955,4543.62315
24/3/20,61.720001,61.922501,58.575001,59.09,66.90624975,2320.547885
25/3/20,61.380001,64.5625,61.075001,62.6875,66.3171249,1476.745901
26/3/20,64.610001,64.669998,61.59,61.630001,66.1286251,887.5593233
27/3/20,61.935001,63.967499,61.762501,63.1875,65.80837535,1204.768423
30/3/20,63.702499,63.880001,62.349998,62.685001,65.25837535,703.4970162
31/3/20,63.572498,65.622498,63,63.900002,64.82050015,252.6014676
1/4/20,60.227501,62.18,59.782501,61.625,64.0476253,1012.700305
2/4/20,61.232498,61.287498,59.224998,60.084999,63.44775005,757.0649928
3/4/20,60.352501,61.424999,59.7425,60.700001,62.8525001,553.6616633
6/4/20,65.6175,65.777496,62.345001,62.724998,62.80624995,407.3370534
7/4/20,64.857498,67.925003,64.75,67.699997,62.4823749,654.7073202
8/4/20,66.517502,66.842499,65.307503,65.684998,62.3653751,689.1978727
9/4/20,66.997498,67.517502,66.175003,67.175003,62.61237505,831.495381
13/4/20,68.3125,68.425003,66.457497,67.077499,62.55337505,995.0869673
14/4/20,71.762497,72.0625,69.512497,70,63.1138748,1860.634192
15/4/20,71.107498,71.582497,70.157501,70.599998,63.5084997,1935.033793
16/4/20,71.672501,72.050003,70.587502,71.845001,64.00874975,2099.660558
17/4/20,70.699997,71.737503,69.214996,71.172501,64.4839996,1810.691482
20/4/20,69.232498,70.419998,69.212502,69.487503,65.08012445,1368.302209
21/4/20,67.092499,69.3125,66.357498,69.07,65.63012445,517.1972685
22/4/20,69.025002,69.474998,68.050003,68.402496,65.9953745,713.61598
23/4/20,68.7575,70.4375,68.717499,68.967499,66.36424945,733.6021125
24/4/20,70.7425,70.752502,69.25,69.300003,66.6708744,894.0640328
27/4/20,70.792503,71.135002,69.987503,70.449997,67.1137495,883.9408088
28/4/20,69.644997,71.457497,69.550003,71.269997,67.4108744,687.428523
29/4/20,71.932503,72.417503,70.972504,71.182503,67.82887465,981.7102207
30/4/20,73.449997,73.6325,72.087502,72.489998,68.48999945,1077.981104
1/5/20,72.267502,74.75,71.462502,71.5625,69.04174965,783.4859428
4/5/20,73.290001,73.422501,71.580002,72.292503,69.68862465,514.0043222
5/5/20,74.389999,75.25,73.614998,73.764999,70.1272496,681.3147192
6/5/20,75.157501,75.809998,74.717499,75.114998,70.64224975,747.8925336
7/5/20,75.934998,76.292503,75.4925,75.805,71.11312455,796.0374537
8/5/20,77.532501,77.587502,76.072502,76.410004,71.6398747,954.4925879
11/5/20,78.752502,79.262497,76.809998,77.025002,72.1618748,1171.882092
12/5/20,77.852501,79.922501,77.727501,79.457497,72.466375,1276.457124
13/5/20,76.912498,78.987503,75.802498,78.037498,72.756625,986.9994198
14/5/20,77.385002,77.447502,75.3825,76.127502,73.04225005,842.6579262
15/5/20,76.927498,76.974998,75.052498,75.087502,73.3536251,685.6553792
18/5/20,78.739998,79.125,77.580002,78.292503,73.8290001,1101.339012
19/5/20,78.285004,79.629997,78.252502,78.7575,74.38862535,982.6831407
20/5/20,79.807503,79.879997,79.129997,79.169998,74.9277504,1040.07544
21/5/20,79.212502,80.222504,78.967499,79.665001,75.4505005,865.0246816
22/5/20,79.722504,79.807503,78.837502,78.942497,75.8995007,736.9732813
26/5/20,79.182503,81.059998,79.125,80.875,76.3190007,679.7223411
27/5/20,79.527496,79.677498,78.272499,79.035004,76.81312565,420.087427
28/5/20,79.5625,80.860001,78.907501,79.192497,77.1946255,423.433851
29/5/20,79.485001,80.287498,79.1175,79.8125,77.4963757,326.6227744
1/6/20,80.462502,80.587502,79.302498,79.4375,77.9061257,313.3393153
2/6/20,80.834999,80.860001,79.732498,80.1875,78.2833756,264.5947084
3/6/20,81.279999,81.550003,80.574997,81.165001,78.6278756,280.6113061
4/6/20,80.580002,81.404999,80.195,81.097504,78.89900065,189.617822
5/6/20,82.875,82.9375,80.807503,80.837502,79.24600075,309.1802494
8/6/20,83.364998,83.400002,81.830002,82.5625,79.5376256,376.2247366
9/6/20,85.997498,86.402496,83.002502,83.035004,79.8998754,733.7574277
10/6/20,88.209999,88.692497,86.522499,86.974998,80.4177503,1363.005119
11/6/20,83.974998,87.764999,83.870003,87.327499,80.7708753,857.8335944
12/6/20,84.699997,86.949997,83.555,86.18,81.13662505,756.3901259
15/6/20,85.747498,86.419998,83.144997,83.3125,81.57762505,657.6862741
16/6/20,88.019997,88.300003,86.18,87.864998,82.041625,1090.736728
17/6/20,87.897499,88.849998,87.772499,88.787498,82.52224975,1209.256081
18/6/20,87.932503,88.362503,87.305,87.852501,82.92849975,1108.140959
19/6/20,87.43,89.139999,86.287498,88.660004,83.33937465,982.9374185
22/6/20,89.717499,89.864998,87.787498,87.834999,83.8391244,1255.232396
23/6/20,91.6325,93.095001,90.567497,91,84.46162425,1880.857751
24/6/20,90.014999,92.197502,89.629997,91.25,84.9859994,1461.972029
25/6/20,91.209999,91.25,89.392502,90.175003,85.56837435,1325.808787
26/6/20,88.407501,91.330002,88.254997,91.102501,86.01449935,835.2879981
29/6/20,90.445,90.542503,87.82,88.3125,86.51362425,746.9652011
30/6/20,91.199997,91.495003,90,90.019997,87.03187415,886.1578881
1/7/20,91.027496,91.839996,90.977501,91.279999,87.519249,817.9842259
2/7/20,91.027496,92.6175,90.910004,91.962502,88.0416237,683.9984149
6/7/20,93.462502,93.945,92.467499,92.5,88.5709988,886.4096473
7/7/20,93.172501,94.654999,93.057503,93.852501,89.06137395,814.7284891
8/7/20,95.342499,95.375,94.089996,94.18,89.528624,1009.92194
9/7/20,95.752502,96.317497,94.672501,96.262497,89.90574915,1159.979207
10/7/20,95.919998,95.980003,94.705002,95.334999,90.50299915,1054.793339
13/7/20,95.477501,99.955002,95.2575,97.264999,91.04187435,1232.779645
14/7/20,97.057503,97.254997,93.877502,94.839996,91.6073746,900.9738157
15/7/20,97.724998,99.247498,96.489998,98.989998,92.09262465,1205.316448
16/7/20,96.522499,97.404999,95.904999,96.5625,92.52387465,863.7883073
17/7/20,96.327499,97.147499,95.839996,96.987503,92.94362445,716.7825632
20/7/20,98.357498,98.5,96.0625,96.417503,93.48999935,833.0782048
21/7/20,97,99.25,96.7425,99.172501,93.8541244,742.1337181
22/7/20,97.272499,97.974998,96.602501,96.692497,94.13612435,623.2637014
23/7/20,92.845001,97.077499,92.010002,96.997498,94.27762445,67.7893791
24/7/20,92.614998,92.970001,89.144997,90.987503,94.3478744,526.8816084
27/7/20,94.809998,94.904999,93.480003,93.709999,94.66799925,39.87853879
28/7/20,93.252502,94.550003,93.247498,94.3675,94.80837435,175.5697649
29/7/20,95.040001,95.230003,93.712502,93.75,95.00037455,50.63391238
30/7/20,96.190002,96.297501,93.767502,94.1875,95.25849985,23.65637219
31/7/20,106.260002,106.415001,100.824997,102.885002,96.02012515,1514.445506
3/8/20,108.9375,111.637497,107.892502,108.199997,96.79387505,3375.537794
4/8/20,109.665001,110.790001,108.387497,109.1325,97.61850005,3899.682471
5/8/20,110.0625,110.392502,108.897499,109.377502,98.3545001,4239.905898
6/8/20,113.902496,114.412498,109.797501,110.404999,99.2619998,5754.704806
7/8/20,111.112503,113.675003,110.292503,113.205002,100.0216251,5403.488663
10/8/20,112.727501,113.775002,110,112.599998,100.8841251,5639.880579
11/8/20,109.375,112.482498,109.107498,111.970001,101.4999999,4516.510802
12/8/20,113.010002,113.275002,110.297501,110.497498,102.2642501,5314.741972
13/8/20,115.010002,116.042503,113.927498,114.43,103.1886253,6614.564206
14/8/20,114.907501,115,113.044998,114.830002,104.1176254,5897.665203
17/8/20,114.607498,116.087502,113.962502,116.0625,104.9301254,5868.48582
18/8/20,115.5625,116,114.0075,114.352501,105.8582504,5618.606155
19/8/20,115.707497,117.162498,115.610001,115.982498,106.7800003,5677.444455
20/8/20,118.275002,118.392502,115.732498,115.75,108.0515003,5623.797312
21/8/20,124.370003,124.8675,119.25,119.262497,109.6392506,7593.916855
24/8/20,125.857498,128.785004,123.9375,128.697495,111.1916256,8627.41051
25/8/20,124.824997,125.18,123.052498,124.697502,112.7702503,6306.655218
26/8/20,126.522499,126.9925,125.082497,126.18,114.3443752,5954.897398
27/8/20,125.010002,127.485001,123.832497,127.142502,115.7853752,4186.503445
28/8/20,124.807503,126.442497,124.577499,126.012497,116.7127503,3559.768349
31/8/20,129.039993,131,126,127.580002,117.7178749,4802.312906
1/9/20,134.179993,134.800003,130.529999,132.759995,118.9436245,6808.479414
2/9/20,131.399994,137.979996,127,137.589996,120.0104992,6019.223265
3/9/20,120.879997,128.839996,120.5,126.910004,120.3593743,1461.10978
4/9/20,120.959999,123.699997,110.889999,120.07,120.8517491,1001.988972
8/9/20,112.82,118.989998,112.68,113.949997,120.856374,2699.847518
9/9/20,117.32,119.139999,115.260002,117.260002,121.253624,1665.467297
10/9/20,113.489998,120.5,112.5,120.360001,121.2776238,2393.228823
11/9/20,112,115.230003,110,114.57,121.1271237,3701.788443
14/9/20,115.360001,115.93,112.800003,114.720001,121.1497487,2738.541709
15/9/20,115.540001,118.830002,113.610001,118.330002,121.1963739,2199.01375
16/9/20,112.129997,116,112.040001,115.230003,121.0247487,3298.171939
17/9/20,110.339996,112.199997,108.709999,109.720001,120.7563737,4685.124669
18/9/20,106.839996,110.879997,106.089996,110.400002,120.1846234,6056.394476
21/9/20,110.080002,110.190002,103.099998,104.540001,119.4701233,6158.704592
22/9/20,111.809998,112.860001,109.160004,112.68,118.7677483,3995.339238
23/9/20,107.120003,112.110001,106.769997,111.620003,117.8824986,5081.700135
24/9/20,108.220001,110.25,105,105.169998,116.9673737,5092.100135
25/9/20,112.279999,112.440002,107.669998,108.43,116.3308736,3040.316069
28/9/20,114.959999,115.32,112.779999,115.010002,115.8384984,824.109199
29/9/20,114.089996,115.309998,113.57,114.550003,115.0909985,432.8653648
30/9/20,115.809998,117.260002,113.620003,113.790001,114.1724988,465.0811111
1/10/20,116.790001,117.720001,115.830002,117.639999,113.4419991,858.9942378
2/10/20,113.019997,115.370003,112.220001,112.889999,113.0489991,98.06162149
5/10/20,116.5,116.650002,113.550003,113.910004,112.8259992,544.0520919
6/10/20,113.160004,116.120003,112.25,115.699997,112.8429994,195.2491926
7/10/20,115.080002,115.550003,114.129997,114.620003,112.7309995,422.1042978
8/10/20,114.970001,116.400002,114.589996,116.25,112.8049996,501.2970965
9/10/20,116.970001,117,114.919998,115.279999,113.0534997,677.6153375
12/10/20,124.400002,125.18,119.279999,120.059998,113.5054997,2407.254766
13/10/20,121.099998,125.389999,119.650002,125.269997,113.7834996,2347.819515
14/10/20,121.190002,123.029999,119.620003,121,114.2364998,2179.692422
15/10/20,120.709999,121.199997,118.150002,118.720001,114.755,1689.565577
16/10/20,119.019997,121.550003,118.809998,121.279999,115.364,1394.517429
19/10/20,115.980003,120.419998,115.660004,119.959999,115.6590001,480.9780298
20/10/20,117.510002,118.980003,115.629997,116.199997,115.9440003,390.7935433
21/10/20,116.870003,118.709999,116.449997,116.669998,116.4315003,241.0100909
22/10/20,115.75,118.040001,114.589996,117.449997,116.8080002,134.9764827
23/10/20,115.040001,116.550003,114.279999,116.389999,116.9460003,319.1172953
26/10/20,115.050003,116.550003,112.879997,114.010002,116.9505005,406.5911582
27/10/20,116.599998,117.279999,114.540001,115.489998,117.0760006,176.5808721
28/10/20,111.199997,115.43,111.099998,115.050003,116.8455006,841.6336614
29/10/20,115.32,116.93,112.199997,112.370003,116.7720005,399.1284004
30/10/20,108.860001,111.989998,107.720001,111.059998,116.5640007,1559.016767
2/11/20,108.769997,110.68,107.32,109.110001,116.1775006,1828.654968
3/11/20,110.440002,111.489998,108.730003,109.660004,116.0415005,1547.836869
4/11/20,114.949997,115.589996,112.349998,114.139999,116.0350002,478.4795655
5/11/20,119.029999,119.620003,116.870003,117.949997,116.2380001,585.4732949
6/11/20,118.690002,119.199997,116.129997,118.32,116.3240002,433.1931311
9/11/20,116.32,121.989998,116.050003,120.5,115.9200001,489.4132554
10/11/20,115.970001,117.589996,114.129997,115.550003,115.6635002,17.07148668
11/11/20,119.489998,119.629997,116.440002,117.190002,115.5785,611.3469268
12/11/20,119.209999,120.529999,118.57,119.620003,115.5035,805.4352017
13/11/20,119.260002,119.669998,117.870003,119.440002,115.5155003,695.6005901
16/11/20,120.300003,120.989998,118.150002,118.919998,115.7315003,886.1389983
17/11/20,119.389999,120.669998,118.959999,119.550003,115.8255001,856.2126478
18/11/20,118.029999,119.82,118,118.610001,115.8834999,612.8545172
19/11/20,118.639999,119.059998,116.809998,117.589996,116.0279999,493.7896802
20/11/20,117.339996,118.769997,117.290001,118.639999,116.1429996,382.214341
23/11/20,113.849998,117.620003,113.75,117.18,116.0829994,248.4321094
24/11/20,115.169998,115.849998,112.589996,113.910004,116.0114994,355.3927238
25/11/20,116.029999,116.75,115.169998,115.550003,116.2529995,58.43815396
27/11/20,116.589996,117.489998,116.220001,116.57,116.3164993,95.27743494
30/11/20,119.050003,120.970001,116.809998,116.970001,116.8259994,424.8897234
1/12/20,122.720001,123.470001,120.010002,121.010002,117.5234996,791.2557921
2/12/20,123.080002,123.370003,120.889999,122.019997,118.1554996,638.3465368
3/12/20,122.940002,123.779999,122.209999,123.519997,118.5549998,673.0824488
4/12/20,122.25,122.860001,121.519997,122.599998,118.7159999,563.7172951
7/12/20,123.75,124.57,122.25,122.309998,118.9689998,797.6646053
8/12/20,124.379997,124.980003,123.089996,124.370003,119.3719996,930.1008819
9/12/20,121.779999,125.949997,121,124.529999,119.6624995,625.1241144
10/12/20,123.239998,123.870003,120.150002,120.5,119.8499995,503.8568272
11/12/20,122.410004,122.760002,120.550003,122.43,120.0099998,384.8969129
14/12/20,121.779999,123.349998,121.540001,122.599998,120.1359996,419.2994363
15/12/20,127.879997,127.900002,124.129997,124.339996,120.5149993,1366.05099
16/12/20,127.809998,128.369995,126.559998,127.410004,120.9359993,1646.41621
17/12/20,128.699997,129.580002,128.039993,128.899994,121.4694992,1992.261638
18/12/20,126.660004,129.100006,126.120003,128.960007,121.8704994,1521.523887
21/12/20,128.229996,128.309998,123.449997,125.019997,122.4149994,1230.223805
22/12/20,131.880005,134.410004,129.649994,131.610001,123.3164998,2582.551377
23/12/20,130.960007,132.429993,130.779999,132.160004,124.1060002,2108.876279
24/12/20,131.970001,133.460007,131.100006,131.320007,124.9030003,2075.675639
28/12/20,136.690002,137.339996,133.509995,133.990005,125.9080006,3004.390363
29/12/20,134.869995,138.789993,134.339996,138.050003,126.6990002,2962.563435
30/12/20,133.720001,135.990005,133.399994,135.580002,127.2490002,2345.604169
31/12/20,132.690002,134.740005,131.720001,134.080002,127.7295002,1755.081771
4/1/21,129.410004,133.610001,126.760002,133.520004,128.0530003,602.226234
5/1/21,131.009995,131.740005,128.429993,128.889999,128.4910001,597.7537406
6/1/21,126.599998,131.050003,126.379997,127.720001,128.6335,202.2412755
7/1/21,130.919998,131.630005,127.860001,128.360001,128.9605,336.0256677
8/1/21,132.050003,132.630005,130.229996,132.429993,129.4740002,615.5415631
11/1/21,128.979996,130.169998,128.5,129.190002,129.7610001,138.8241666
12/1/21,128.800003,129.690002,126.860001,128.5,130.0805001,368.508899
13/1/21,130.889999,131.449997,128.490005,128.759995,130.5360001,40.21067354
14/1/21,128.910004,131,128.759995,130.800003,130.5875004,193.2792996
15/1/21,127.139999,130.220001,127,128.779999,130.5540005,450.2486352
19/1/21,127.830002,128.710007,126.940002,127.779999,130.5105007,501.8945087
20/1/21,132.029999,132.490005,128.550003,128.660004,130.7790005,38.03869908
21/1/21,136.869995,139.669998,133.589996,133.800003,131.2110004,976.6002717
22/1/21,139.070007,139.850006,135.020004,136.279999,131.5705005,1314.896466
25/1/21,142.919998,145.089996,136.539993,143.070007,132.1685001,2385.199326
26/1/21,143.160004,144.300003,141.369995,143.600006,132.7280002,3095.027137
27/1/21,142.059998,144.300003,140.410004,143.429993,132.9965,3067.690877
28/1/21,137.089996,141.990005,136.699997,139.520004,133.1075001,1857.236328
29/1/21,131.960007,136.740005,130.210007,135.830002,133.0195004,20.13455246
1/2/21,134.139999,135.380005,130.929993,133.75,133.0920002,145.8209302
2/2/21,134.990005,136.309998,134.610001,135.729996,133.3710003,665.1868609
3/2/21,133.940002,135.770004,133.610001,135.759995,133.5175006,305.1325632
4/2/21,137.389999,137.399994,134.589996,136.300003,134.0570007,813.6982648
5/2/21,136.759995,137.419998,135.860001,137.350006,134.3490005,771.0084701
8/2/21,136.910004,136.960007,134.919998,136.029999,134.5920006,560.9045129
9/2/21,136.009995,137.880005,135.850006,136.619995,134.9435005,527.7129843
10/2/21,135.389999,136.990005,134.399994,136.479996,135.2730003,106.4567141
11/2/21,135.130005,136.389999,133.770004,135.899994,135.4850006,105.0820162
12/2/21,135.369995,135.529999,133.690002,134.350006,135.8080002,232.1021305
16/2/21,133.190002,136.009995,132.789993,135.490005,136.1105003,487.8132604
17/2/21,130.839996,132.220001,129.470001,131.25,136.261,1169.882937
18/2/21,129.710007,130,127.410004,129.199997,136.1450004,1631.815188
19/2/21,129.869995,130.710007,128.800003,130.240005,135.7950004,1483.14033
22/2/21,126,129.720001,125.599998,128.009995,135.1415001,2245.749612
23/2/21,125.860001,126.709999,118.389999,123.760002,134.2885002,3284.568708
24/2/21,125.349998,125.559998,122.230003,124.940002,133.3979999,2795.652022
25/2/21,120.989998,126.459999,120.540001,124.68,132.3444999,3084.465246
26/2/21,121.260002,124.849998,121.199997,122.589996,131.5530002,3056.332984
1/3/21,127.790001,127.93,122.790001,123.75,131.3444999,1739.001892
2/3/21,125.120003,128.720001,125.010002,128.410004,130.8935001,1603.139026
3/3/21,122.059998,125.709999,121.839996,124.809998,130.2469998,2540.937576
4/3/21,120.129997,123.599998,118.620003,121.75,129.5564995,3342.093147
5/3/21,121.419998,121.940002,117.57,120.980003,128.7579995,3282.66715
8/3/21,116.360001,121,116.209999,120.93,127.7379998,3985.509469
9/3/21,121.089996,122.059998,118.790001,119.029999,126.9469994,2501.377276
10/3/21,119.980003,122.169998,119.449997,121.690002,126.1454998,2125.842704
11/3/21,121.959999,123.209999,121.260002,122.540001,125.4739998,1189.84636
12/3/21,121.029999,121.169998,119.160004,120.400002,124.7689995,1404.58036
15/3/21,123.989998,124,120.419998,121.410004,124.1999996,404.2759838
16/3/21,125.57,127.220001,124.720001,125.699997,123.8189995,467.3162912
17/3/21,124.760002,125.860001,122.339996,124.050003,123.5149998,166.2367823
18/3/21,120.529999,123.18,120.32,122.879997,123.0559994,342.7705218
19/3/21,119.989998,121.43,119.68,119.900002,122.5619996,377.2327088
22/3/21,123.389999,123.870003,120.260002,120.330002,122.4314995,10.70146597
23/3/21,122.540001,124.239998,122.139999,123.330002,122.2654995,84.56362591
24/3/21,120.089996,122.900002,120.07,122.82,122.0024994,176.5787386
25/3/21,120.589996,121.660004,119,119.540001,121.9824993,251.9573991
26/3/21,121.209999,121.480003,118.919998,120.349998,121.9799992,222.7677142
29/3/21,121.389999,122.580002,120.730003,121.650002,121.6599991,30.80573493
30/3/21,119.900002,120.400002,118.860001,120.110001,121.398999,206.4671858
31/3/21,122.150002,123.519997,121.150002,121.650002,121.4034992,98.73810088
1/4/21,123,124.18,122.489998,123.660004,121.5469994,198.8779563
5/4/21,125.900002,126.160004,123.07,123.870003,121.7709996,416.0934169
6/4/21,126.209999,127.129997,125.650002,126.5,122.2634995,532.6288176
7/4/21,127.900002,127.919998,125.139999,125.830002,122.6039998,646.8687673
8/4/21,130.360001,130.389999,128.520004,128.949997,123.1229997,1198.820736
9/4/21,133,133.039993,129.470001,129.800003,123.6749997,1841.348251
12/4/21,131.240005,132.850006,130.630005,132.520004,124.1855,1852.75207
13/4/21,134.429993,134.660004,131.929993,132.440002,124.7074998,2580.275576
14/4/21,132.029999,135,131.660004,134.940002,125.0304997,2465.998885
15/4/21,134.5,135,133.639999,133.820007,125.5174996,3040.797314
16/4/21,134.160004,134.669998,133.279999,134.300003,126.1989999,2841.826638
19/4/21,134.839996,135.470001,133.339996,133.509995,126.9414998,2847.089768
20/4/21,133.110001,135.529999,131.809998,135.020004,127.4274999,2297.296505
21/4/21,133.5,133.75,131.300003,132.360001,127.9754998,1888.527925
22/4/21,131.940002,134.149994,131.410004,133.039993,128.5680001,1502.530749
23/4/21,134.320007,135.119995,132.160004,132.160004,129.2545007,1689.109247
26/4/21,134.720001,135.059998,133.559998,134.830002,129.9300008,1563.178875
27/4/21,134.389999,135.410004,134.110001,135.009995,130.5800008,1329.909121
28/4/21,133.580002,135.020004,133.080002,134.309998,131.2640008,748.8718533
29/4/21,133.479996,137.070007,132.449997,136.470001,131.8305005,613.7541498
30/4/21,131.460007,133.559998,131.070007,131.779999,132.2535008,24.13693863
3/5/21,132.539993,134.070007,131.830002,132.039993,132.5855004,42.42673642
4/5/21,127.849998,131.490005,126.699997,131.190002,132.6675003,550.9078387
5/5/21,128.100006,130.449997,127.970001,129.199997,132.6775005,479.2133586
6/5/21,129.740005,129.75,127.129997,127.889999,132.6465007,491.3469197
7/5/21,130.210007,131.259995,129.479996,130.850006,132.5070011,306.8430484
10/5/21,126.849998,129.539993,126.809998,129.410004,132.2875007,709.6901062
11/5/21,125.910004,126.269997,122.769997,123.5,131.8615013,1304.500444
12/5/21,122.769997,124.639999,122.25,123.400002,131.3985012,1880.211015
13/5/21,124.970001,126.150002,124.260002,124.580002,130.9220012,1428.310364
14/5/21,127.449997,127.889999,125.849998,126.25,130.5865009,886.5100642
17/5/21,126.269997,126.93,125.169998,126.82,130.1580009,1018.081459
18/5/21,124.849998,126.989998,124.779999,126.559998,129.7450008,1082.610078
19/5/21,124.690002,124.919998,122.860001,123.160004,129.3045009,1368.427197
20/5/21,127.309998,127.720001,125.099998,125.230003,129.0730007,630.9597307
21/5/21,125.43,128,125.209999,127.82,128.6285003,640.8533306
24/5/21,127.099998,127.940002,125.940002,126.010002,128.2475002,332.0467665
25/5/21,126.900002,128.320007,126.32,127.82,127.8730003,183.2399951
26/5/21,126.849998,127.389999,126.419998,126.959999,127.5365001,154.6900577
27/5/21,125.279999,127.639999,125.080002,126.440002,127.1265003,207.5675812
28/5/21,124.610001,125.800003,124.550003,125.57,126.784,286.3435649
1/6/21,124.279999,125.349998,123.940002,125.080002,126.3710003,237.3898966
2/6/21,125.059998,125.239998,124.050003,124.279999,126.2315003,179.186632
3/6/21,123.540001,124.849998,123.129997,124.68,126.0035,257.0200684
4/6/21,125.889999,126.160004,123.849998,124.07,125.8109997,62.65539344
7/6/21,125.900002,126.32,124.830002,126.169998,125.5954995,2.532407407
8/6/21,126.739998,128.460007,126.209999,126.599998,125.5899995,118.9452066
9/6/21,127.129997,127.75,126.519997,127.209999,125.6509991,113.619393
10/6/21,126.110001,128.190002,125.940002,127.019997,125.8179993,60.46782332
11/6/21,127.349998,127.440002,126.099998,126.529999,125.9369992,69.98272189
14/6/21,130.479996,130.539993,127.07,127.82,126.0884991,282.9541771
15/6/21,129.639999,130.600006,129.389999,129.940002,126.2569992,370.3637315
16/6/21,130.149994,130.889999,128.460007,130.369995,126.521999,382.5672077
17/6/21,131.789993,132.550003,129.649994,129.800003,126.8769986,577.7865463
18/6/21,130.460007,131.509995,130.240005,130.710007,127.034499,519.1650977
21/6/21,132.300003,132.410004,129.210007,130.300003,127.3779992,613.7050805
22/6/21,133.979996,134.080002,131.619995,132.130005,127.7219991,990.747468
23/6/21,133.699997,134.320007,133.229996,133.770004,128.0619988,1150.768268
24/6/21,133.410004,134.639999,132.929993,134.449997,128.3899991,1152.696474
25/6/21,133.110001,133.889999,132.809998,133.460007,128.7814992,1031.073697
28/6/21,134.779999,135.25,133.350006,133.410004,129.2899991,1233.724818
29/6/21,136.330002,136.490005,134.350006,134.800003,129.8924993,1443.581058
30/6/21,136.960007,137.410004,135.869995,136.169998,130.4874997,1601.65792
1/7/21,137.270004,137.330002,135.759995,136.600006,131.1739999,1428.124491
2/7/21,139.960007,140,137.75,137.899994,131.8775003,1952.627993
6/7/21,142.020004,143.149994,140.070007,140.070007,132.6835004,2608.042174
7/7/21,144.570007,144.889999,142.660004,143.539993,133.5750008,3400.534152
8/7/21,143.240005,144.059998,140.669998,141.580002,134.3805012,2833.64025
9/7/21,145.110001,145.649994,142.649994,142.75,135.3305012,3267.571914
12/7/21,144.5,146.320007,144,146.210007,136.1880013,3180.038658
13/7/21,145.639999,147.460007,143.630005,144.029999,136.9460015,3233.444745
14/7/21,149.149994,149.570007,147.679993,148.100006,137.9215012,4349.322261
15/7/21,148.479996,150,147.089996,149.240005,138.8380013,3999.408044
16/7/21,146.389999,149.759995,145.880005,148.460007,139.5680016,3233.962335
19/7/21,142.449997,144.070007,141.669998,143.75,140.1675011,1067.165548
20/7/21,146.149994,147.100006,142.960007,143.460007,140.8600007,1741.482115
21/7/21,145.399994,146.130005,144.630005,145.529999,141.4310006,1458.607828
22/7/21,146.800003,148.199997,145.809998,145.940002,142.0860009,1718.123373
23/7/21,148.559998,148.720001,146.919998,147.550003,142.8435006,1781.17529
26/7/21,148.990005,149.830002,147.699997,148.270004,143.6375008,1656.420784
27/7/21,146.770004,149.210007,145.550003,149.119995,144.237001,860.4465533
28/7/21,144.979996,146.970001,142.539993,144.809998,144.6695007,77.26503688
29/7/21,145.639999,146.550003,144.580002,144.690002,145.1035003,133.7529911
30/7/21,145.860001,146.330002,144.110001,144.380005,145.5330002,7.837024171
2/8/21,145.520004,146.949997,145.25,146.360001,145.811,25.411874
3/8/21,147.360001,148.039993,145.179993,145.809998,146.0779999,107.6230808
4/8/21,146.949997,147.789993,146.279999,147.270004,146.1969994,104.7368025
5/8/21,147.059998,147.839996,146.169998,146.979996,146.387999,72.18136785
6/8/21,146.139999,147.110001,145.630005,146.350006,146.4394989,14.25711658
9/8/21,146.089996,146.699997,145.520004,146.199997,146.5189987,38.5419772
10/8/21,145.600006,147.710007,145.300003,146.440002,146.5169991,31.43084447
11/8/21,145.860001,146.720001,145.529999,146.050003,146.3524994,31.95347776
12/8/21,148.889999,149.050003,145.839996,146.190002,146.3729996,139.8234193
13/8/21,149.100006,149.440002,148.270004,148.970001,146.5084999,240.1838636
16/8/21,151.119995,151.190002,146.470001,148.539993,146.9419998,248.4677143
17/8/21,150.190002,151.679993,149.089996,150.229996,147.1440002,329.613619
18/8/21,146.360001,150.720001,146.149994,149.800003,147.1920006,58.4507708
19/8/21,146.699997,148,144.5,145.029999,147.1870003,69.79737932
20/8/21,148.190002,148.5,146.779999,147.440002,147.1685005,70.07995777
23/8/21,149.710007,150.190002,147.889999,148.309998,147.2045006,212.1727756
24/8/21,149.619995,150.860001,149.149994,149.449997,147.3470001,280.9940029
25/8/21,148.360001,150.320007,147.800003,149.809998,147.5160004,140.3961684
26/8/21,147.539993,149.119995,147.509995,148.350006,147.6110001,46.83825468
27/8/21,148.600006,148.75,146.830002,147.479996,147.7480003,32.21104745
30/8/21,153.119995,153.490005,148.610001,149,148.1279999,396.1728268
31/8/21,151.830002,152.800003,151.289993,152.660004,148.3514999,444.3344308
1/9/21,152.509995,154.979996,152.339996,152.830002,148.6294998,654.6848492
2/9/21,153.649994,154.720001,152.399994,153.869995,148.9589996,729.2369663
3/9/21,154.300003,154.630005,153.089996,153.759995,149.3669998,789.6945263
7/9/21,156.690002,157.259995,154.389999,154.970001,149.8970001,1189.358589
8/9/21,155.110001,157.039993,153.979996,156.979996,150.3724999,1008.783986
9/9/21,154.070007,156.110001,153.949997,155.490005,150.7830002,788.6258407
10/9/21,148.970001,155.479996,148.699997,155,150.7870003,40.69749695
13/9/21,149.550003,151.419998,148.75,150.630005,150.8095001,185.1649145
14/9/21,148.119995,151.070007,146.910004,150.350006,150.6595001,409.0544704
15/9/21,149.029999,149.440002,146.369995,148.559998,150.6015,478.8800654
16/9/21,148.789993,148.970001,147.220001,148.440002,150.7229996,470.7998654
17/9/21,146.059998,148.820007,145.759995,148.820007,150.6909996,744.9421828
20/9/21,142.940002,144.839996,141.270004,143.800003,150.4284996,1652.076735
21/9/21,143.429993,144.600006,142.779999,143.929993,150.1144989,1613.526052
22/9/21,145.850006,146.429993,143.699997,144.449997,149.9259995,1193.005953
23/9/21,146.830002,147.080002,145.639999,146.649994,149.8494995,879.3010028
24/9/21,146.919998,147.470001,145.559998,145.660004,149.8184998,837.0746538
27/9/21,145.369995,145.960007,143.820007,145.470001,149.6569992,1255.447983
28/9/21,141.910004,144.75,141.690002,143.25,149.0964997,1854.253029
29/9/21,142.830002,144.449997,142.029999,142.470001,148.6464997,1696.336872
30/9/21,141.5,144.380005,141.279999,143.660004,148.0959999,1782.906125
1/10/21,142.649994,142.919998,139.110001,141.899994,147.5459999,1873.311865
4/10/21,139.139999,142.210007,138.270004,141.759995,146.7879997,2202.291104
5/10/21,141.110001,142.240005,139.360001,139.490005,146.0089997,1524.516304
6/10/21,142,142.149994,138.369995,139.470001,145.3534996,1202.794349
7/10/21,143.289993,144.220001,142.720001,143.059998,144.8144989,324.6078824
8/10/21,142.899994,144.179993,142.559998,144.029999,144.5109986,254.2545475
11/10/21,142.809998,144.809998,141.809998,142.270004,144.1739983,182.7461949
12/10/21,141.509995,143.25,141.039993,143.229996,143.8434983,313.5091885
13/10/21,140.910004,141.399994,139.199997,141.240005,143.4374986,459.7301937
14/10/21,143.759995,143.880005,141.509995,142.110001,143.1859987,18.6662053
15/10/21,144.839996,144.899994,143.509995,143.770004,143.1249986,168.7455163
18/10/21,146.550003,146.839996,143.160004,143.449997,143.3054986,302.5742872
19/10/21,148.759995,149.169998,146.550003,147.009995,143.5719987,709.8172429
20/10/21,149.259995,149.75,148.119995,148.699997,143.7424982,923.07541
21/10/21,149.479996,149.639999,147.869995,148.809998,143.8749979,965.0343317
22/10/21,148.690002,150.179993,148.639999,149.690002,143.9634981,1041.838647
25/10/21,148.639999,149.369995,147.619995,148.679993,144.1269983,937.0798455
26/10/21,149.320007,150.839996,149.009995,149.330002,144.4974984,1192.728422
27/10/21,148.850006,149.729996,148.490005,149.360001,144.7984986,1011.426916
28/10/21,152.570007,153.169998,149.720001,149.820007,145.351999,1685.241586
29/10/21,149.800003,149.940002,146.410004,147.220001,145.7094994,807.8610884
1/11/21,148.960007,149.699997,147.800003,148.990005,146.2004998,687.7144852
2/11/21,150.020004,151.570007,148.649994,148.660004,146.646,856.6479327
3/11/21,151.490005,151.970001,149.820007,150.389999,147.1205002,943.0400573
4/11/21,150.960007,152.429993,150.639999,151.580002,147.5040009,918.4524204
5/11/21,151.279999,152.199997,150.059998,151.889999,147.9230012,781.317104
8/11/21,150.440002,151.570007,150.160004,151.410004,148.3045014,572.5261886
9/11/21,150.809998,151.429993,150.059998,150.199997,148.7695015,442.2615127
10/11/21,147.919998,150.130005,147.850006,150.020004,149.1200012,47.0610625
11/11/21,147.869995,149.429993,147.679993,148.960007,149.3255012,107.7055334
12/11/21,149.990005,150.399994,147.479996,148.429993,149.5830017,15.37002504
15/11/21,150,151.880005,149.429993,150.369995,149.7555015,56.19154268
16/11/21,151,151.490005,149.339996,149.940002,149.8675018,57.77206479
17/11/21,153.490005,155,150.990005,151,150.0790023,273.1942223
18/11/21,157.869995,158.669998,153.050003,153.710007,150.4985022,789.3410472
19/11/21,160.550003,161.020004,156.529999,157.649994,151.0915023,1555.274746
22/11/21,161.020004,165.699997,161,161.679993,151.7105025,2730.312689
23/11/21,161.410004,161.800003,159.059998,161.119995,152.3150024,2420.746204
24/11/21,161.940002,162.139999,159.639999,160.75,152.9695022,2603.608641
26/11/21,156.809998,160.449997,156.360001,159.570007,153.1815017,1517.10402
29/11/21,160.240005,161.190002,158.789993,159.369995,153.7035018,2088.416517
30/11/21,165.300003,165.520004,159.919998,159.990005,154.5205016,3194.422375
1/12/21,164.770004,170.300003,164.529999,167.479996,155.2580016,4353.202599
2/12/21,163.759995,164.199997,157.800003,158.740005,155.8715011,2414.085522
3/12/21,161.839996,164.960007,159.720001,164.020004,156.4155006,2329.529964
6/12/21,165.320007,167.880005,164.279999,164.289993,157.117501,3623.87662
7/12/21,171.179993,171.580002,168.339996,169.080002,158.1545005,5490.839682
8/12/21,175.080002,175.960007,170.699997,172.130005,159.3680007,7196.472786
9/12/21,174.559998,176.75,173.919998,174.910004,160.7000007,7486.148665
10/12/21,179.449997,179.630005,174.690002,175.210007,162.2790008,8587.597376
13/12/21,175.740005,182.130005,175.529999,181.119995,163.5665008,7908.433697
14/12/21,174.330002,177.740005,172.210007,175.25,164.7830009,5424.052146
15/12/21,179.300003,179.5,172.309998,175.110001,166.1980011,5745.964439
16/12/21,172.259995,181.139999,170.75,179.279999,167.1365006,3794.341077
17/12/21,171.139999,173.470001,169.690002,169.929993,167.8000008,1722.055625
20/12/21,169.75,170.580002,167.460007,168.279999,168.2600006,458.1330587
21/12/21,172.990005,173.199997,169.119995,171.559998,168.8585007,1356.996859
22/12/21,175.639999,175.860001,172.149994,173.039993,169.5700004,2228.464597
23/12/21,176.279999,176.850006,175.270004,175.850006,170.2870003,2538.139349
27/12/21,180.330002,180.419998,177.070007,177.089996,171.4630005,3207.800255
28/12/21,179.289993,181.330002,178.529999,180.160004,172.4154999,2832.416846
29/12/21,179.380005,180.630005,178.139999,179.330002,173.1195,2339.358405
30/12/21,178.199997,180.570007,178.089996,179.470001,173.7909996,1932.103672
31/12/21,177.570007,179.229996,177.259995,178.089996,174.4815002,1142.556847
3/1/22,182.009995,182.880005,177.710007,177.830002,175.4900002,1468.206661
4/1/22,179.699997,182.940002,179.119995,182.630005,176.2089997,1040.899854
5/1/22,174.919998,180.169998,174.639999,179.610001,176.3959999,40.20765906
6/1/22,172,175.300003,171.639999,172.699997,176.2419998,725.0180654
7/1/22,172.169998,174.139999,171.029999,172.889999,176.1224998,838.2402471
10/1/22,172.190002,172.5,168.169998,169.080002,175.7595001,1149.200796
11/1/22,175.080002,175.179993,170.820007,172.320007,175.7264999,459.6023851
12/1/22,175.529999,177.179993,174.820007,176.119995,175.7864998,31.21212546
13/1/22,172.190002,176.619995,171.789993,175.779999,175.4309997,470.271422
14/1/22,173.070007,173.779999,171.089996,171.339996,175.4715003,664.5529925
18/1/22,169.800003,172.539993,169.410004,171.509995,175.4045005,1164.336161
19/1/22,166.229996,171.080002,165.940002,170,175.2285003,1906.645723
20/1/22,164.509995,169.679993,164.179993,166.979996,174.8044998,2519.383092
21/1/22,162.410004,166.330002,162.300003,164.419998,174.1430001,3563.11862
24/1/22,161.619995,162.300003,154.699997,160.020004,173.4099999,5595.753532
25/1/22,159.779999,162.759995,157.020004,158.979996,172.3824997,5592.30558
26/1/22,159.690002,164.389999,157.820007,163.5,171.4025002,5062.630351
27/1/22,159.220001,163.839996,158.279999,162.449997,170.3945,4848.950257
28/1/22,170.330002,170.350006,162.800003,165.710007,170.0010002,1087.666908
31/1/22,174.779999,175,169.509995,170.160004,169.8614998,1365.761902
1/2/22,174.610001,174.839996,172.309998,174.009995,169.4915001,1754.76347
2/2/22,175.839996,175.880005,173.330002,174.75,169.2985001,2163.314505
3/2/22,172.899994,176.240005,172.119995,174.479996,169.1974999,1687.658528
4/2/22,172.389999,174.100006,170.679993,171.679993,169.2169998,1187.392119
7/2/22,171.660004,173.949997,170.949997,172.860001,169.1915001,1115.292284
8/2/22,174.830002,175.350006,171.429993,171.729996,169.3235001,1710.726532
9/2/22,176.279999,176.649994,174.899994,176.050003,169.3835,2496.983454
10/2/22,172.119995,175.479996,171.550003,174.139999,169.2129998,1408.093483
11/2/22,168.639999,173.080002,168.039993,172.330002,169.0354996,298.3116265
14/2/22,168.880005,169.580002,166.559998,167.369995,168.8259995,202.9334387
15/2/22,172.789993,172.949997,170.25,170.970001,168.975499,1111.98143
16/2/22,172.550003,173.339996,170.050003,171.850006,169.2914994,1034.211315
17/2/22,168.880005,171.910004,168.470001,171.029999,169.5099999,144.0488437
18/2/22,167.300003,170.539993,166.190002,169.820007,169.7544998,557.4605922
22/2/22,164.320007,166.690002,162.149994,164.979996,169.8895004,1794.444335
23/2/22,160.070007,166.149994,159.75,165.539993,169.9040008,2511.71021
24/2/22,162.740005,162.850006,152,152.580002,170.056501,3484.14269
25/2/22,164.850006,165.119995,160.869995,163.839996,170.3380012,1974.053285
28/2/22,165.119995,165.419998,162.429993,163.059998,170.0775009,1756.443549
1/3/22,163.199997,166.600006,161.970001,164.699997,169.4985008,1777.619474
2/3/22,166.559998,167.360001,162.949997,164.389999,169.0960006,1076.419681
3/3/22,166.229996,168.910004,165.550003,168.470001,168.6155006,513.2549155
4/3/22,163.169998,165.550003,162.100006,164.490005,168.1290008,1360.379666
7/3/22,159.300003,165.020004,159.039993,163.360001,167.474501,2003.95766
8/3/22,157.440002,162.880005,155.800003,158.820007,166.7635009,2686.155447
9/3/22,162.949997,163.410004,159.410004,161.479996,166.1695007,1371.289926
10/3/22,158.520004,160.389999,155.979996,160.199997,165.2815009,2122.258184
11/3/22,154.729996,159.279999,154.5,158.929993,164.412001,2541.68874
14/3/22,150.619995,154.119995,150.100006,151.449997,163.5110008,4165.677874
15/3/22,155.089996,155.570007,150.380005,150.899994,162.8215003,3382.917552
16/3/22,159.589996,160,154.460007,157.050003,162.1615005,1428.436178
17/3/22,160.619995,161,157.630005,158.610001,161.5650001,554.0089183
18/3/22,163.979996,164.479996,159.759995,160.509995,161.3199996,443.6778108
21/3/22,165.380005,166.350006,163.009995,163.509995,161.2239997,1051.100589
22/3/22,168.820007,169.419998,164.910004,165.509995,161.4489997,1854.450504
23/3/22,170.210007,172.639999,167.649994,167.990005,161.9559997,2691.005582
24/3/22,174.070007,174.139999,170.210007,171.059998,162.5224998,3714.647857
25/3/22,174.720001,175.279999,172.75,173.880005,163.0159996,4522.027346
28/3/22,175.600006,175.729996,172,172.169998,163.5400001,4800.874114
29/3/22,178.960007,179.009995,176.339996,176.690002,164.3280006,6822.482497
30/3/22,177.770004,179.610001,176.699997,178.550003,164.8885009,7059.0065
31/3/22,174.610001,178.029999,174.399994,177.839996,165.3075012,5848.089646
1/4/22,174.309998,174.880005,171.940002,174.029999,165.8645012,4595.601568
4/4/22,178.440002,178.490005,174.440002,174.570007,166.8215011,6293.059093
5/4/22,175.059998,178.300003,174.419998,177.5,167.7025009,5115.789233
6/4/22,171.830002,173.630005,170.130005,172.360001,168.1465012,2416.246874
7/4/22,172.139999,173.360001,169.850006,171.160004,168.8275009,1917.394725
8/4/22,170.089996,171.779999,169.199997,171.779999,169.5955009,657.784225
11/4/22,165.75,169.029999,165.5,168.710007,170.3520012,1455.186963
12/4/22,167.660004,169.869995,166.639999,168.020004,170.9805016,998.3821252
13/4/22,170.399994,171.039993,166.770004,167.389999,171.5210015,601.2628834
14/4/22,165.289993,171.270004,165.039993,170.619995,171.7545014,1284.670105
18/4/22,165.070007,166.600006,163.570007,163.919998,171.8090019,1848.63265
19/4/22,167.399994,167.820007,163.910004,165.020004,171.9100014,1465.138042
20/4/22,167.229996,168.880005,166.100006,168.759995,171.8305008,1185.317391
21/4/22,166.419998,171.529999,165.910004,168.910004,171.6410004,1022.048079
22/4/22,161.789993,167.869995,161.5,166.460007,171.0269997,2246.865949
25/4/22,162.880005,163.169998,158.460007,161.119995,170.4349999,2976.210794